,,,,,,,,,,,,,,,,,,,,,,,,,,Row Labels,Sum of Responder,Sum of ResponderSales,Sum of responders,Sum of sales,check 1,check2,check 3,check 4
,,,,,,Campagin level,,store level,,,,,,,,,,,,,,,,,,ALT_BIRTH_19, 78 ," 5,61,963 ", 141 ," 10,10,699 ", 0.55 , 0.56 ,0.55,0.56
Row Labels,Sum of responders,Sum of sales,,,Row Labels,Sum of Responder,Sum of ResponderSales,Sum of responders,Sum of sales,check 1,check2,,,,,,,,,,,,,,,ALT_BIRTH_37, 740 ," 50,74,209 "," 1,299 "," 91,21,153 ", 0.57 , 0.56 ,0.57,0.56
ALT_BIRTH_19,141,1010699,,,ALT_BIRTH_19, 78 ," 5,61,963 ", 141 ," 10,10,699 ", 0.55 , 0.56 ,,,,,,,,,,,,,,,ALT_BIRTH_38, 423 ," 38,52,404 ", 718 ," 65,31,136 ", 0.59 , 0.59 ,0.59,0.59
ALT_BIRTH_37,1299,9121153,,,ALT_BIRTH_37, 740 ," 50,74,209 "," 1,299 "," 91,21,153 ", 0.57 , 0.56 ,,,,,,,,,,,,,,,ALT_FEEDE_2, 24 ," 92,903 ", 25 ," 94,702 ", 0.96 , 0.98 ,0.96,0.98
ALT_BIRTH_38,718,6531136,,,ALT_BIRTH_38, 423 ," 38,52,404 ", 718 ," 65,31,136 ", 0.59 , 0.59 ,,,,,,,,,,,,,,,ALT_FEEDE_3, 902 ," 64,22,052 "," 1,059 "," 2,00,77,147 ", 0.85 , 0.32 ,0.85,0.32
ALT_FEEDE_2,25,94702,,,ALT_FEEDE_2, 24 ," 92,903 ", 25 ," 94,702 ", 0.96 , 0.98 ,,,,,,,,,,,,,,,ALT_FEEDE_57, 116 ," 3,74,623 ", 167 ," 5,42,349 ", 0.69 , 0.69 ,0.69,0.69
ALT_FEEDE_3,1059,20077147,,,ALT_FEEDE_3, 902 ," 64,22,052 "," 1,059 "," 2,00,77,147 ", 0.85 , 0.32 ,,,,,,,,,,,,,,,ALT_MW_24, 37 ," 2,35,005 ", 55 ," 3,77,005 ", 0.67 , 0.62 ,0.67,0.62
ALT_FEEDE_57,167,542349,,,ALT_FEEDE_57, 116 ," 3,74,623 ", 167 ," 5,42,349 ", 0.69 , 0.69 ,,,,,,,,,,,,,,,ALT_MW_25, 24 ," 1,46,560 ", 35 ," 2,25,307 ", 0.69 , 0.65 ,0.69,0.65
ALT_MW_13,3,89594,,,ALT_MW_24, 37 ," 2,35,005 ", 55 ," 3,77,005 ", 0.67 , 0.62 ,,,,,,,,,,,,,,,ALT_MW_32, 24 ," 98,276 ", 38 ," 1,90,439 ", 0.63 , 0.52 ,0.63,0.52
ALT_MW_14,43,202602,,,ALT_MW_25, 24 ," 1,46,560 ", 35 ," 2,25,307 ", 0.69 , 0.65 ,,,,,,,,,,,,,,,ALT_MW_33, 14 ," 90,808 ", 25 ," 1,85,274 ", 0.56 , 0.49 ,0.56,0.49
ALT_MW_17,3,89594,,,ALT_MW_32, 24 ," 98,276 ", 38 ," 1,90,439 ", 0.63 , 0.52 ,,,,,,,,,,,,,,,ALT_MW_53,,, NA , NA , -   , -   , -   , -   
ALT_MW_18,41,202802,,,ALT_MW_33, 14 ," 90,808 ", 25 ," 1,85,274 ", 0.56 , 0.49 ,,,,,,,,,,,,,,,ALT_MW_54, 7 ," 20,850 ", 14 ," 59,166 ", 0.50 , 0.35 ,0.5,0.35
ALT_MW_24,55,377005,,,ALT_MW_53,,, NA , NA , -   , -   ,,,,,,,,,,,,,,,ALT_MW_55, 3 ," 40,344 ", 3 ," 40,344 ", 1.00 , 1.00 ,1,1
ALT_MW_25,35,225307,,,ALT_MW_54, 7 ," 20,850 ", 14 ," 59,166 ", 0.50 , 0.35 ,,,,,,,,,,,,,,,ALT_MW_56,,, NA , NA , -   , -   , -   , -   
ALT_MW_32,38,190439,,,ALT_MW_55, 3 ," 40,344 ", 3 ," 40,344 ", 1.0000 , 1.0000 ,,,,,,,,,,,,,,,ALT_SBC_39, 354 ," 27,83,935 ", 516 ," 39,83,579 ", 0.69 , 0.70 ,0.69,0.7
ALT_MW_33,25,185274,,,ALT_MW_56,,, NA , NA , -   , -   ,,,,,,,,,,,,,,,ALT_SBC_40, 607 ," 37,66,843 ", 981 ," 61,48,762 ", 0.62 , 0.61 ,0.62,0.61
ALT_MW_54,14,59166,,,ALT_SBC_39, 354 ," 27,83,935 ", 516 ," 39,83,579 ", 0.69 , 0.70 ,,,,,,,,,,,,,,,ALT_SBC_41, 547 ," 33,58,875 ", 853 ," 54,72,819 ", 0.64 , 0.61 ,0.64,0.61
ALT_MW_55,3,40344,,,ALT_SBC_40, 607 ," 37,66,843 ", 981 ," 61,48,762 ", 0.62 , 0.61 ,,,,,,,,,,,,,,,ALT_SBC_42, 185 ," 14,60,334 ", 281 ," 23,42,198 ", 0.66 , 0.62 ,0.66,0.62
ALT_SBC_10,55,264598,,,ALT_SBC_41, 547 ," 33,58,875 ", 853 ," 54,72,819 ", 0.64 , 0.61 ,,,,,,,,,,,,,,,ALT_SBC_43, 346 ," 25,61,232 ", 570 ," 42,61,913 ", 0.61 , 0.60 ,0.61,0.6
ALT_SBC_39,516,3983579,,,ALT_SBC_42, 185 ," 14,60,334 ", 281 ," 23,42,198 ", 0.66 , 0.62 ,,,,,,,,,,,,,,,ALT_SBC_46, 102 ," 2,97,702 ", 178 ," 5,46,615 ", 0.57 , 0.54 ,0.57,0.54
ALT_SBC_40,981,6148762,,,ALT_SBC_43, 346 ," 25,61,232 ", 570 ," 42,61,913 ", 0.61 , 0.60 ,,,,,,,,,,,,,,,ALT_SBC_48, 8 ," 1,01,998 ", 9 ," 1,34,996 ", 0.89 , 0.76 ,0.89,0.76
ALT_SBC_41,853,5472819,,,ALT_SBC_46, 102 ," 2,97,702 ", 178 ," 5,46,615 ", 0.57 , 0.54 ,,,,,,,,,,,,,,,ALT_SBC_49, 5 ," 52,319 ", 7 ," 92,214 ", 0.71 , 0.57 ,0.71,0.57
ALT_SBC_42,281,2342198,,,ALT_SBC_48, 8 ," 1,01,998 ", 9 ," 1,34,996 ", 0.89 , 0.76 ,,,,,,,,,,,,,,,ALT_SBC_50, 39 ," 1,18,187 ", 50 ," 1,42,662 ", 0.78 , 0.83 ,0.78,0.83
ALT_SBC_43,570,4261913,,,ALT_SBC_49, 5 ," 52,319 ", 7 ," 92,214 ", 0.71 , 0.57 ,,,,,,,,,,,,,,,ALT_SBC_51, 16 ," 2,21,255 ", 28 ," 3,55,006 ", 0.57 , 0.62 ,0.57,0.62
ALT_SBC_46,178,546615,,,ALT_SBC_50, 39 ," 1,18,187 ", 50 ," 1,42,662 ", 0.78 , 0.83 ,,,,,,,,,,,,,,,ALT_SBC_52, 312 ," 13,82,754 ", 669 ," 30,43,384 ", 0.47 , 0.45 ,0.47,0.45
ALT_SBC_48,9,134996,,,ALT_SBC_51, 16 ," 2,21,255 ", 28 ," 3,55,006 ", 0.57 , 0.62 ,,,,,,,,,,,,,,,ALT_SBC_58,,, NA , NA , -   , -   , -   , -   
ALT_SBC_49,7,92214,,,ALT_SBC_52, 312 ," 13,82,754 ", 669 ," 30,43,384 ", 0.47 , 0.45 ,,,,,,,,,,,,,,,BROD_BROD_1813,,, NA , NA , -   , -   , -   , -   
ALT_SBC_50,50,142662,,,ALT_SBC_58,,, NA , NA , -   , -   ,,,,,,,,,,,,,,,BROD_BROD_1814,,, NA , NA , -   , -   , -   , -   
ALT_SBC_51,28,355006,,,BROD_BROD_1813,,, NA , NA , -   , -   ,,,,,,,,,,,,,,,BROD_BROD_1815,,, NA , NA , -   , -   , -   , -   
ALT_SBC_52,669,3043384,,,BROD_BROD_1814,,, NA , NA , -   , -   ,,,,,,,,,,,,,,,BROD_BROD_1816,,, NA , NA , -   , -   , -   , -   
ALT_SBC_9,1,12794,,,BROD_BROD_1815,,, NA , NA , -   , -   ,,,,,,,,,,,,,,,BROD_BROD_1817,,, NA , NA , -   , -   , -   , -   
BROD_BROD_1734,14,84557,,,BROD_BROD_1816,,, NA , NA , -   , -   ,,,,,,,,,,,,,,,BROD_BROD_1818,,, NA , NA , -   , -   , -   , -   
BROD_BROD_1735,23,120022,,,BROD_BROD_1817,,, NA , NA , -   , -   ,,,,,,,,,,,,,,,BROD_BROD_1819,,, NA , NA , -   , -   , -   , -   
BROD_BROD_1736,35,211939,,,BROD_BROD_1818,,, NA , NA , -   , -   ,,,,,,,,,,,,,,,BROD_BROD_1820,,, NA , NA , -   , -   , -   , -   
BROD_BROD_1737,37,214673,,,BROD_BROD_1819,,, NA , NA , -   , -   ,,,,,,,,,,,,,,,BROD_BROD_1821,,, NA , NA , -   , -   , -   , -   
BROD_BROD_1738,94,575192,,,BROD_BROD_1820,,, NA , NA , -   , -   ,,,,,,,,,,,,,,,BROD_BROD_1822,,, NA , NA , -   , -   , -   , -   
BROD_BROD_1739,94,467393,,,BROD_BROD_1821,,, NA , NA , -   , -   ,,,,,,,,,,,,,,,BROD_BROD_1823,,, NA , NA , -   , -   , -   , -   
BROD_BROD_1740,67,436566,,,BROD_BROD_1822,,, NA , NA , -   , -   ,,,,,,,,,,,,,,,BROD_BROD_1825, 95 ," 6,38,679 ", 187 ," 14,35,448 ", 0.51 , 0.44 ,0.51,0.44
BROD_BROD_1741,64,367394,,,BROD_BROD_1823,,, NA , NA , -   , -   ,,,,,,,,,,,,,,,BROD_BROD_1826, 113 ," 7,21,929 ", 196 ," 13,35,727 ", 0.58 , 0.54 ,0.58,0.54
BROD_BROD_1742,45,270064,,,BROD_BROD_1825, 95 ," 6,38,679 ", 187 ," 14,35,448 ", 0.51 , 0.44 ,,,,,,,,,,,,,,,BROD_BROD_1827, 20 ," 1,31,098 ", 40 ," 3,69,117 ", 0.50 , 0.36 ,0.5,0.36
BROD_BROD_1743,9,61145,,,BROD_BROD_1826, 113 ," 7,21,929 ", 196 ," 13,35,727 ", 0.58 , 0.54 ,,,,,,,,,,,,,,,BROD_BROD_1828, 351 ," 27,20,761 ", 648 ," 53,42,551 ", 0.54 , 0.51 ,0.54,0.51
BROD_BROD_1744,53,521286,,,BROD_BROD_1827, 20 ," 1,31,098 ", 40 ," 3,69,117 ", 0.50 , 0.36 ,,,,,,,,,,,,,,,BROD_BROD_1829, 41 ," 2,05,983 ", 66 ," 3,59,838 ", 0.62 , 0.57 ,0.62,0.57
BROD_BROD_1745,18,63364,,,BROD_BROD_1828, 351 ," 27,20,761 ", 648 ," 53,42,551 ", 0.54 , 0.51 ,,,,,,,,,,,,,,,BROD_BROD_1830, 78 ," 4,15,662 ", 148 ," 7,77,535 ", 0.53 , 0.53 ,0.53,0.53
BROD_BROD_1746,49,228547,,,BROD_BROD_1829, 41 ," 2,05,983 ", 66 ," 3,59,838 ", 0.62 , 0.57 ,,,,,,,,,,,,,,,BROD_BROD_1831, 120 ," 4,66,063 ", 234 ," 9,83,411 ", 0.51 , 0.47 ,0.51,0.47
BROD_BROD_1747,60,196488,,,BROD_BROD_1830, 78 ," 4,15,662 ", 148 ," 7,77,535 ", 0.53 , 0.53 ,,,,,,,,,,,,,,,BROD_BROD_1832, 11 ," 72,933 ", 17 ," 89,121 ", 0.65 , 0.82 ,0.65,0.82
BROD_BROD_1748,7,28416,,,BROD_BROD_1831, 120 ," 4,66,063 ", 234 ," 9,83,411 ", 0.51 , 0.47 ,,,,,,,,,,,,,,,BROD_BROD_1833, 55 ," 2,78,886 ", 103 ," 5,58,713 ", 0.53 , 0.50 ,0.53,0.5
BROD_BROD_1749,3,43576,,,BROD_BROD_1832, 11 ," 72,933 ", 17 ," 89,121 ", 0.65 , 0.82 ,,,,,,,,,,,,,,,BROD_BROD_1834, 162 ," 10,31,892 ", 199 ," 12,68,388 ", 0.81 , 0.81 ,0.81,0.81
BROD_BROD_1750,26,138337,,,BROD_BROD_1833, 55 ," 2,78,886 ", 103 ," 5,58,713 ", 0.53 , 0.50 ,,,,,,,,,,,,,,,BROD_BROD_1835, 180 ," 9,08,259 ", 364 ," 21,24,552 ", 0.49 , 0.43 ,0.49,0.43
BROD_BROD_1751,102,524383,,,BROD_BROD_1834, 162 ," 10,31,892 ", 199 ," 12,68,388 ", 0.81 , 0.81 ,,,,,,,,,,,,,,,BROD_BROD_1837, 83 ," 5,29,945 ", 98 ," 6,77,149 ", 0.85 , 0.78 ,0.85,0.78
BROD_BROD_1753,36,238266,,,BROD_BROD_1835, 180 ," 9,08,259 ", 364 ," 21,24,552 ", 0.49 , 0.43 ,,,,,,,,,,,,,,,BROD_BROD_1838, 109 ," 7,42,205 ", 124 ," 8,37,917 ", 0.88 , 0.89 ,0.88,0.89
BROD_BROD_1754,30,172964,,,BROD_BROD_1837, 83 ," 5,29,945 ", 98 ," 6,77,149 ", 0.85 , 0.78 ,,,,,,,,,,,,,,,BROD_BROD_1839, 140 ," 8,05,595 ", 187 ," 11,31,935 ", 0.75 , 0.71 ,0.75,0.71
BROD_BROD_1755,112,899396,,,BROD_BROD_1838, 109 ," 7,42,205 ", 124 ," 8,37,917 ", 0.88 , 0.89 ,,,,,,,,,,,,,,,BROD_BROD_1840, 377 ," 23,44,269 ", 470 ," 29,29,758 ", 0.80 , 0.80 ,0.8,0.8
BROD_BROD_1756,9,50408,,,BROD_BROD_1839, 140 ," 8,05,595 ", 187 ," 11,31,935 ", 0.75 , 0.71 ,,,,,,,,,,,,,,,BROD_BROD_1841, 347 ," 17,99,716 ", 424 ," 22,30,740 ", 0.82 , 0.81 ,0.82,0.81
BROD_BROD_1760,309,2091031,,,BROD_BROD_1840, 377 ," 23,44,269 ", 470 ," 29,29,758 ", 0.80 , 0.80 ,,,,,,,,,,,,,,,BROD_BROD_1842, 209 ," 12,56,002 ", 272 ," 16,08,353 ", 0.77 , 0.78 ,0.77,0.78
BROD_BROD_1763,101,674036,,,BROD_BROD_1841, 347 ," 17,99,716 ", 424 ," 22,30,740 ", 0.82 , 0.81 ,,,,,,,,,,,,,,,BROD_BROD_1843, 249 ," 15,71,818 ", 325 ," 22,34,478 ", 0.77 , 0.70 ,0.77,0.7
BROD_BROD_1774,35,261359,,,BROD_BROD_1842, 209 ," 12,56,002 ", 272 ," 16,08,353 ", 0.77 , 0.78 ,,,,,,,,,,,,,,,BROD_BROD_1844, 209 ," 11,38,214 ", 272 ," 14,96,839 ", 0.77 , 0.76 ,0.77,0.76
BROD_BROD_1779,4,27181,,,BROD_BROD_1843, 249 ," 15,71,818 ", 325 ," 22,34,478 ", 0.77 , 0.70 ,,,,,,,,,,,,,,,BROD_BROD_1845, 40 ," 2,18,279 ", 55 ," 3,41,378 ", 0.73 , 0.64 ,0.73,0.64
BROD_BROD_1780,12,42965,,,BROD_BROD_1844, 209 ," 11,38,214 ", 272 ," 14,96,839 ", 0.77 , 0.76 ,,,,,,,,,,,,,,,BROD_BROD_1846, 420 ," 27,95,447 ", 606 ," 43,12,848 ", 0.69 , 0.65 ,0.69,0.65
BROD_BROD_1781,5,15085,,,BROD_BROD_1845, 40 ," 2,18,279 ", 55 ," 3,41,378 ", 0.73 , 0.64 ,,,,,,,,,,,,,,,BROD_BROD_1895,,, NA , NA , -   , -   , -   , -   
BROD_BROD_1783,10,46276,,,BROD_BROD_1846, 420 ," 27,95,447 ", 606 ," 43,12,848 ", 0.69 , 0.65 ,,,,,,,,,,,,,,,BROD_BROD_1947, 107 ," 6,95,282 ", 147 ," 9,35,844 ", 0.73 , 0.74 ,0.73,0.74
BROD_BROD_1784,15,54794,,,BROD_BROD_1895,,, NA , NA , -   , -   ,,,,,,,,,,,,,,,BROD_BROD_1948, 167 ," 10,43,665 ", 222 ," 14,53,930 ", 0.75 , 0.72 ,0.75,0.72
BROD_BROD_1785,82,441333,,,BROD_BROD_1947, 107 ," 6,95,282 ", 147 ," 9,35,844 ", 0.73 , 0.74 ,,,,,,,,,,,,,,,BROD_BROD_1949, 43 ," 2,71,819 ", 53 ," 3,24,280 ", 0.81 , 0.84 ,0.81,0.84
BROD_BROD_1786,129,633637,,,BROD_BROD_1948, 167 ," 10,43,665 ", 222 ," 14,53,930 ", 0.75 , 0.72 ,,,,,,,,,,,,,,,BROD_BROD_1950, 36 ," 2,11,417 ", 48 ," 2,60,035 ", 0.75 , 0.81 ,0.75,0.81
BROD_BROD_1787,169,647514,,,BROD_BROD_1949, 43 ," 2,71,819 ", 53 ," 3,24,280 ", 0.81 , 0.84 ,,,,,,,,,,,,,,,BROD_BROD_1951, 186 ," 9,53,588 ", 244 ," 13,07,304 ", 0.76 , 0.73 ,0.76,0.73
BROD_BROD_1788,1,4798,,,BROD_BROD_1950, 36 ," 2,11,417 ", 48 ," 2,60,035 ", 0.75 , 0.81 ,,,,,,,,,,,,,,,BROD_BROD_1952, 72 ," 4,18,264 ", 95 ," 5,92,301 ", 0.76 , 0.71 ,0.76,0.71
BROD_BROD_1789,5,35187,,,BROD_BROD_1951, 186 ," 9,53,588 ", 244 ," 13,07,304 ", 0.76 , 0.73 ,,,,,,,,,,,,,,,BROD_BROD_1953, 238 ," 13,88,835 ", 297 ," 17,65,642 ", 0.80 , 0.79 ,0.8,0.79
BROD_BROD_1790,22,115506,,,BROD_BROD_1952, 72 ," 4,18,264 ", 95 ," 5,92,301 ", 0.76 , 0.71 ,,,,,,,,,,,,,,,BROD_BROD_1954, 86 ," 5,05,120 ", 106 ," 6,23,081 ", 0.81 , 0.81 ,0.81,0.81
BROD_BROD_1825,187,1435448,,,BROD_BROD_1953, 238 ," 13,88,835 ", 297 ," 17,65,642 ", 0.80 , 0.79 ,,,,,,,,,,,,,,,BROD_BROD_1955, 145 ," 9,45,525 ", 188 ," 12,03,468 ", 0.77 , 0.79 ,0.77,0.79
BROD_BROD_1826,196,1335727,,,BROD_BROD_1954, 86 ," 5,05,120 ", 106 ," 6,23,081 ", 0.81 , 0.81 ,,,,,,,,,,,,,,,BROD_BROD_1956, 115 ," 8,33,866 ", 148 ," 10,67,997 ", 0.78 , 0.78 ,0.78,0.78
BROD_BROD_1827,40,369117,,,BROD_BROD_1955, 145 ," 9,45,525 ", 188 ," 12,03,468 ", 0.77 , 0.79 ,,,,,,,,,,,,,,,BROD_BROD_1957, 85 ," 5,36,537 ", 104 ," 6,56,340 ", 0.82 , 0.82 ,0.82,0.82
BROD_BROD_1828,648,5342551,,,BROD_BROD_1956, 115 ," 8,33,866 ", 148 ," 10,67,997 ", 0.78 , 0.78 ,,,,,,,,,,,,,,,BROD_BROD_1958, 322 ," 25,40,880 ", 429 ," 34,31,189 ", 0.75 , 0.74 ,0.75,0.74
BROD_BROD_1829,66,359838,,,BROD_BROD_1957, 85 ," 5,36,537 ", 104 ," 6,56,340 ", 0.82 , 0.82 ,,,,,,,,,,,,,,,BROD_BROD_1959, 18 ," 1,75,931 ", 21 ," 1,97,516 ", 0.86 , 0.89 ,0.86,0.89
BROD_BROD_1830,148,777535,,,BROD_BROD_1958, 322 ," 25,40,880 ", 429 ," 34,31,189 ", 0.75 , 0.74 ,,,,,,,,,,,,,,,BROD_BROD_1960, 20 ," 1,94,326 ", 22 ," 2,12,948 ", 0.91 , 0.91 ,0.91,0.91
BROD_BROD_1831,234,983411,,,BROD_BROD_1959, 18 ," 1,75,931 ", 21 ," 1,97,516 ", 0.86 , 0.89 ,,,,,,,,,,,,,,,BROD_BROD_1961, 14 ," 1,81,365 ", 23 ," 2,71,262 ", 0.61 , 0.67 ,0.61,0.67
BROD_BROD_1832,17,89121,,,BROD_BROD_1960, 20 ," 1,94,326 ", 22 ," 2,12,948 ", 0.91 , 0.91 ,,,,,,,,,,,,,,,BROD_BROD_1963,,, NA , NA , -   , -   , -   , -   
BROD_BROD_1833,103,558713,,,BROD_BROD_1961, 14 ," 1,81,365 ", 23 ," 2,71,262 ", 0.61 , 0.67 ,,,,,,,,,,,,,,,BROD_BROD_1964,,, NA , NA , -   , -   , -   , -   
BROD_BROD_1834,199,1268388,,,BROD_BROD_1963,,, NA , NA , -   , -   ,,,,,,,,,,,,,,,BROD_BROD_1965,,, NA , NA , -   , -   , -   , -   
BROD_BROD_1835,364,2124552,,,BROD_BROD_1964,,, NA , NA , -   , -   ,,,,,,,,,,,,,,,BROD_BROD_1966,,, NA , NA , -   , -   , -   , -   
BROD_BROD_1837,98,677149,,,BROD_BROD_1965,,, NA , NA , -   , -   ,,,,,,,,,,,,,,,BROD_BROD_1967,,, NA , NA , -   , -   , -   , -   
BROD_BROD_1838,124,837917,,,BROD_BROD_1966,,, NA , NA , -   , -   ,,,,,,,,,,,,,,,BROD_BROD_1968,,, NA , NA , -   , -   , -   , -   
BROD_BROD_1839,187,1131935,,,BROD_BROD_1967,,, NA , NA , -   , -   ,,,,,,,,,,,,,,,BROD_BROD_1969,,, NA , NA , -   , -   , -   , -   
BROD_BROD_1840,470,2929758,,,BROD_BROD_1968,,, NA , NA , -   , -   ,,,,,,,,,,,,,,,BROD_BROD_1970,,, NA , NA , -   , -   , -   , -   
BROD_BROD_1841,424,2230740,,,BROD_BROD_1969,,, NA , NA , -   , -   ,,,,,,,,,,,,,,,BROD_BROD_1971,,, NA , NA , -   , -   , -   , -   
BROD_BROD_1842,272,1608353,,,BROD_BROD_1970,,, NA , NA , -   , -   ,,,,,,,,,,,,,,,BROD_BROD_1972,,, NA , NA , -   , -   , -   , -   
BROD_BROD_1843,325,2234478,,,BROD_BROD_1971,,, NA , NA , -   , -   ,,,,,,,,,,,,,,,BROD_BROD_1973,,, NA , NA , -   , -   , -   , -   
BROD_BROD_1844,272,1496839,,,BROD_BROD_1972,,, NA , NA , -   , -   ,,,,,,,,,,,,,,,BROD_BROD_1974,,, NA , NA , -   , -   , -   , -   
BROD_BROD_1845,55,341378,,,BROD_BROD_1973,,, NA , NA , -   , -   ,,,,,,,,,,,,,,,BROD_BROD_1975,,, NA , NA , -   , -   , -   , -   
BROD_BROD_1846,606,4312848,,,BROD_BROD_1974,,, NA , NA , -   , -   ,,,,,,,,,,,,,,,BROD_BROD_1977, 58 ," 3,69,839 ", 123 ," 8,28,139 ", 0.47 , 0.45 ,0.47,0.45
BROD_BROD_1947,147,935844,,,BROD_BROD_1975,,, NA , NA , -   , -   ,,,,,,,,,,,,,,,BROD_BROD_1979, 75 ," 5,14,668 ", 172 ," 11,65,969 ", 0.44 , 0.44 ,0.44,0.44
BROD_BROD_1948,222,1453930,,,BROD_BROD_1977, 58 ," 3,69,839 ", 123 ," 8,28,139 ", 0.47 , 0.45 ,,,,,,,,,,,,,,,BROD_BROD_1981, 25 ," 1,45,010 ", 52 ," 3,58,566 ", 0.48 , 0.40 ,0.48,0.4
BROD_BROD_1949,53,324280,,,BROD_BROD_1979, 75 ," 5,14,668 ", 172 ," 11,65,969 ", 0.44 , 0.44 ,,,,,,,,,,,,,,,BROD_BROD_1983, 20 ," 1,15,136 ", 43 ," 2,71,419 ", 0.47 , 0.42 ,0.47,0.42
BROD_BROD_1950,48,260035,,,BROD_BROD_1981, 25 ," 1,45,010 ", 52 ," 3,58,566 ", 0.48 , 0.40 ,,,,,,,,,,,,,,,BROD_BROD_1985, 100 ," 4,82,394 ", 221 ," 11,67,728 ", 0.45 , 0.41 ,0.45,0.41
BROD_BROD_1951,244,1307304,,,BROD_BROD_1983, 20 ," 1,15,136 ", 43 ," 2,71,419 ", 0.47 , 0.42 ,,,,,,,,,,,,,,,BROD_BROD_1987, 45 ," 2,83,982 ", 81 ," 5,32,996 ", 0.56 , 0.53 ,0.56,0.53
BROD_BROD_1952,95,592301,,,BROD_BROD_1985, 100 ," 4,82,394 ", 221 ," 11,67,728 ", 0.45 , 0.41 ,,,,,,,,,,,,,,,BROD_BROD_1989, 113 ," 7,00,299 ", 257 ," 15,31,897 ", 0.44 , 0.46 ,0.44,0.46
BROD_BROD_1953,297,1765642,,,BROD_BROD_1987, 45 ," 2,83,982 ", 81 ," 5,32,996 ", 0.56 , 0.53 ,,,,,,,,,,,,,,,BROD_BROD_1991, 31 ," 2,02,080 ", 74 ," 4,71,326 ", 0.42 , 0.43 ,0.42,0.43
BROD_BROD_1954,106,623081,,,BROD_BROD_1989, 113 ," 7,00,299 ", 257 ," 15,31,897 ", 0.44 , 0.46 ,,,,,,,,,,,,,,,BROD_BROD_1993, 95 ," 4,98,636 ", 206 ," 10,98,970 ", 0.46 , 0.45 ,0.46,0.45
BROD_BROD_1955,188,1203468,,,BROD_BROD_1991, 31 ," 2,02,080 ", 74 ," 4,71,326 ", 0.42 , 0.43 ,,,,,,,,,,,,,,,BROD_BROD_1995, 45 ," 3,90,883 ", 94 ," 7,51,091 ", 0.48 , 0.52 ,0.48,0.52
BROD_BROD_1956,148,1067997,,,BROD_BROD_1993, 95 ," 4,98,636 ", 206 ," 10,98,970 ", 0.46 , 0.45 ,,,,,,,,,,,,,,,BROD_BROD_1997, 45 ," 2,54,176 ", 99 ," 7,15,576 ", 0.45 , 0.36 ,0.45,0.36
BROD_BROD_1957,104,656340,,,BROD_BROD_1995, 45 ," 3,90,883 ", 94 ," 7,51,091 ", 0.48 , 0.52 ,,,,,,,,,,,,,,,BROD_BROD_1999, 173 ," 13,00,866 ", 372 ," 30,75,393 ", 0.47 , 0.42 ,0.47,0.42
BROD_BROD_1958,429,3431189,,,BROD_BROD_1997, 45 ," 2,54,176 ", 99 ," 7,15,576 ", 0.45 , 0.36 ,,,,,,,,,,,,,,,BROD_BROD_2001, 7 ," 49,577 ", 15 ," 1,18,611 ", 0.47 , 0.42 ,0.47,0.42
BROD_BROD_1959,21,197516,,,BROD_BROD_1999, 173 ," 13,00,866 ", 372 ," 30,75,393 ", 0.47 , 0.42 ,,,,,,,,,,,,,,,BROD_BROD_2003, 12 ," 52,341 ", 29 ," 1,93,039 ", 0.41 , 0.27 ,0.41,0.27
BROD_BROD_1960,22,212948,,,BROD_BROD_2001, 7 ," 49,577 ", 15 ," 1,18,611 ", 0.47 , 0.42 ,,,,,,,,,,,,,,,BROD_BROD_2005, 53 ," 3,26,454 ", 96 ," 6,21,054 ", 0.55 , 0.53 ,0.55,0.53
BROD_BROD_1961,23,271262,,,BROD_BROD_2003, 12 ," 52,341 ", 29 ," 1,93,039 ", 0.41 , 0.27 ,,,,,,,,,,,,,,,BROD_BROD_2006, 1 ," 22,955 ", 1 ," 22,955 ", 1.00 , 1.00 ,1,1
BROD_BROD_1977,123,828139,,,BROD_BROD_2005, 53 ," 3,26,454 ", 96 ," 6,21,054 ", 0.55 , 0.53 ,,,,,,,,,,,,,,,BROD_BROD_2007, 1 ," 22,955 ", 1 ," 22,955 ", 1.00 , 1.00 ,1,1
BROD_BROD_1979,172,1165969,,,BROD_BROD_2006, 1 ," 22,955 ", 1 ," 22,955 ", 1.00 , 1.00 ,,,,,,,,,,,,,,,BROD_BROD_2008, 1 ," 22,955 ", 1 ," 22,955 ", 1.00 , 1.00 ,1,1
BROD_BROD_1981,52,358566,,,BROD_BROD_2007, 1 ," 22,955 ", 1 ," 22,955 ", 1.00 , 1.00 ,,,,,,,,,,,,,,,BROD_BROD_2009, 1 ," 22,955 ", 1 ," 22,955 ", 1.00 , 1.00 ,1,1
BROD_BROD_1983,43,271419,,,BROD_BROD_2008, 1 ," 22,955 ", 1 ," 22,955 ", 1.00 , 1.00 ,,,,,,,,,,,,,,,BROD_BROD_2010, 1 ," 22,955 ", 1 ," 22,955 ", 1.00 , 1.00 ,1,1
BROD_BROD_1985,221,1167728,,,BROD_BROD_2009, 1 ," 22,955 ", 1 ," 22,955 ", 1.00 , 1.00 ,,,,,,,,,,,,,,,BROD_BROD_2011, 1 ," 22,955 ", 1 ," 22,955 ", 1.00 , 1.00 ,1,1
BROD_BROD_1987,81,532996,,,BROD_BROD_2010, 1 ," 22,955 ", 1 ," 22,955 ", 1.00 , 1.00 ,,,,,,,,,,,,,,,BROD_BROD_2012, 1 ," 22,955 ", 1 ," 22,955 ", 1.00 , 1.00 ,1,1
BROD_BROD_1989,257,1531897,,,BROD_BROD_2011, 1 ," 22,955 ", 1 ," 22,955 ", 1.00 , 1.00 ,,,,,,,,,,,,,,,BROD_BROD_2013, 1 ," 22,955 ", 1 ," 22,955 ", 1.00 , 1.00 ,1,1
BROD_BROD_1991,74,471326,,,BROD_BROD_2012, 1 ," 22,955 ", 1 ," 22,955 ", 1.00 , 1.00 ,,,,,,,,,,,,,,,BROD_BROD_2014, 1 ," 22,955 ", 1 ," 22,955 ", 1.00 , 1.00 ,1,1
BROD_BROD_1993,206,1098970,,,BROD_BROD_2013, 1 ," 22,955 ", 1 ," 22,955 ", 1.00 , 1.00 ,,,,,,,,,,,,,,,BROD_BROD_2015, 1 ," 22,955 ", 1 ," 22,955 ", 1.00 , 1.00 ,1,1
BROD_BROD_1995,94,751091,,,BROD_BROD_2014, 1 ," 22,955 ", 1 ," 22,955 ", 1.00 , 1.00 ,,,,,,,,,,,,,,,BROD_BROD_2016, 1 ," 22,955 ", 1 ," 22,955 ", 1.00 , 1.00 ,1,1
BROD_BROD_1997,99,715576,,,BROD_BROD_2015, 1 ," 22,955 ", 1 ," 22,955 ", 1.00 , 1.00 ,,,,,,,,,,,,,,,BROD_BROD_2017, 1 ," 22,955 ", 1 ," 22,955 ", 1.00 , 1.00 ,1,1
BROD_BROD_1999,372,3075393,,,BROD_BROD_2016, 1 ," 22,955 ", 1 ," 22,955 ", 1.00 , 1.00 ,,,,,,,,,,,,,,,BROD_BROD_2018, 1 ," 22,955 ", 1 ," 22,955 ", 1.00 , 1.00 ,1,1
BROD_BROD_2001,15,118611,,,BROD_BROD_2017, 1 ," 22,955 ", 1 ," 22,955 ", 1.00 , 1.00 ,,,,,,,,,,,,,,,BROD_BROD_2019, 1 ," 22,955 ", 1 ," 22,955 ", 1.00 , 1.00 ,1,1
BROD_BROD_2003,29,193039,,,BROD_BROD_2018, 1 ," 22,955 ", 1 ," 22,955 ", 1.00 , 1.00 ,,,,,,,,,,,,,,,BROD_BROD_2020, 1 ," 22,955 ", 1 ," 22,955 ", 1.00 , 1.00 ,1,1
BROD_BROD_2005,96,621054,,,BROD_BROD_2019, 1 ," 22,955 ", 1 ," 22,955 ", 1.00 , 1.00 ,,,,,,,,,,,,,,,BROD_BROD_2021, 1 ," 22,955 ", 1 ," 22,955 ", 1.00 , 1.00 ,1,1
BROD_BROD_2006,1,22955,,,BROD_BROD_2020, 1 ," 22,955 ", 1 ," 22,955 ", 1.00 , 1.00 ,,,,,,,,,,,,,,,BROD_BROD_2022, 1 ," 22,955 ", 1 ," 22,955 ", 1.00 , 1.00 ,1,1
BROD_BROD_2007,1,22955,,,BROD_BROD_2021, 1 ," 22,955 ", 1 ," 22,955 ", 1.00 , 1.00 ,,,,,,,,,,,,,,,BROD_BROD_2023, 1 ," 22,955 ", 1 ," 22,955 ", 1.00 , 1.00 ,1,1
BROD_BROD_2008,1,22955,,,BROD_BROD_2022, 1 ," 22,955 ", 1 ," 22,955 ", 1.00 , 1.00 ,,,,,,,,,,,,,,,BROD_BROD_2024, 1 ," 22,955 ", 1 ," 22,955 ", 1.00 , 1.00 ,1,1
BROD_BROD_2009,1,22955,,,BROD_BROD_2023, 1 ," 22,955 ", 1 ," 22,955 ", 1.00 , 1.00 ,,,,,,,,,,,,,,,BROD_BROD_2025, 1 ," 22,955 ", 1 ," 22,955 ", 1.00 , 1.00 ,1,1
BROD_BROD_2010,1,22955,,,BROD_BROD_2024, 1 ," 22,955 ", 1 ," 22,955 ", 1.00 , 1.00 ,,,,,,,,,,,,,,,BROD_BROD_2026, 1 ," 22,955 ", 1 ," 22,955 ", 1.00 , 1.00 ,1,1
BROD_BROD_2011,1,22955,,,BROD_BROD_2025, 1 ," 22,955 ", 1 ," 22,955 ", 1.00 , 1.00 ,,,,,,,,,,,,,,,BROD_BROD_2027, 1 ," 22,955 ", 1 ," 22,955 ", 1.00 , 1.00 ,1,1
BROD_BROD_2012,1,22955,,,BROD_BROD_2026, 1 ," 22,955 ", 1 ," 22,955 ", 1.00 , 1.00 ,,,,,,,,,,,,,,,BROD_BROD_2028,,, NA , NA , -   , -   , -   , -   
BROD_BROD_2013,1,22955,,,BROD_BROD_2027, 1 ," 22,955 ", 1 ," 22,955 ", 1.00 , 1.00 ,,,,,,,,,,,,,,,BROD_BROD_2029,,, NA , NA , -   , -   , -   , -   
BROD_BROD_2014,1,22955,,,BROD_BROD_2028,,, NA , NA , -   , -   ,,,,,,,,,,,,,,,BROD_BROD_2030,,, NA , NA , -   , -   , -   , -   
BROD_BROD_2015,1,22955,,,BROD_BROD_2029,,, NA , NA , -   , -   ,,,,,,,,,,,,,,,BROD_BROD_2031,,, NA , NA , -   , -   , -   , -   
BROD_BROD_2016,1,22955,,,BROD_BROD_2030,,, NA , NA , -   , -   ,,,,,,,,,,,,,,,BROD_BROD_2032,,, NA , NA , -   , -   , -   , -   
BROD_BROD_2017,1,22955,,,BROD_BROD_2031,,, NA , NA , -   , -   ,,,,,,,,,,,,,,,BROD_BROD_2033,,, NA , NA , -   , -   , -   , -   
BROD_BROD_2018,1,22955,,,BROD_BROD_2032,,, NA , NA , -   , -   ,,,,,,,,,,,,,,,BROD_BROD_2034,,, NA , NA , -   , -   , -   , -   
BROD_BROD_2019,1,22955,,,BROD_BROD_2033,,, NA , NA , -   , -   ,,,,,,,,,,,,,,,BROD_BROD_2035,,, NA , NA , -   , -   , -   , -   
BROD_BROD_2020,1,22955,,,BROD_BROD_2034,,, NA , NA , -   , -   ,,,,,,,,,,,,,,,BROD_BROD_2036,,, NA , NA , -   , -   , -   , -   
BROD_BROD_2021,1,22955,,,BROD_BROD_2035,,, NA , NA , -   , -   ,,,,,,,,,,,,,,,BROD_BROD_2037,,, NA , NA , -   , -   , -   , -   
BROD_BROD_2022,1,22955,,,BROD_BROD_2036,,, NA , NA , -   , -   ,,,,,,,,,,,,,,,BROD_BROD_2038,,, NA , NA , -   , -   , -   , -   
BROD_BROD_2023,1,22955,,,BROD_BROD_2037,,, NA , NA , -   , -   ,,,,,,,,,,,,,,,BROD_BROD_2039,,, NA , NA , -   , -   , -   , -   
BROD_BROD_2024,1,22955,,,BROD_BROD_2038,,, NA , NA , -   , -   ,,,,,,,,,,,,,,,BROD_BROD_2040,,, NA , NA , -   , -   , -   , -   
BROD_BROD_2025,1,22955,,,BROD_BROD_2039,,, NA , NA , -   , -   ,,,,,,,,,,,,,,,BROD_BROD_2041,,, NA , NA , -   , -   , -   , -   
BROD_BROD_2026,1,22955,,,BROD_BROD_2040,,, NA , NA , -   , -   ,,,,,,,,,,,,,,,BROD_BROD_2042,,, NA , NA , -   , -   , -   , -   
BROD_BROD_2027,1,22955,,,BROD_BROD_2041,,, NA , NA , -   , -   ,,,,,,,,,,,,,,,BROD_BROD_2043,,, NA , NA , -   , -   , -   , -   
BROD_BROD_2047,11,32863,,,BROD_BROD_2042,,, NA , NA , -   , -   ,,,,,,,,,,,,,,,BROD_BROD_2044,,, NA , NA , -   , -   , -   , -   
BROD_BROD_2048,17,85514,,,BROD_BROD_2043,,, NA , NA , -   , -   ,,,,,,,,,,,,,,,BROD_BROD_2045,,, NA , NA , -   , -   , -   , -   
BROD_BROD_2049,1,6999,,,BROD_BROD_2044,,, NA , NA , -   , -   ,,,,,,,,,,,,,,,BROD_BROD_2046,,, NA , NA , -   , -   , -   , -   
BROD_BROD_2050,222,1347048,,,BROD_BROD_2045,,, NA , NA , -   , -   ,,,,,,,,,,,,,,,BROD_BROD_2047, 8 ," 24,067 ", 11 ," 32,863 ", 0.73 , 0.73 ,0.73,0.73
BROD_BROD_2051,225,1491000,,,BROD_BROD_2046,,, NA , NA , -   , -   ,,,,,,,,,,,,,,,BROD_BROD_2048, 13 ," 69,421 ", 17 ," 85,514 ", 0.76 , 0.81 ,0.76,0.81
BROD_BROD_2052,118,929083,,,BROD_BROD_2047, 8 ," 24,067 ", 11 ," 32,863 ", 0.73 , 0.73 ,,,,,,,,,,,,,,,BROD_BROD_2049, 1 ," 6,999 ", 1 ," 6,999 ", 1.00 , 1.00 ,1,1
BROD_BROD_2053,139,1248303,,,BROD_BROD_2048, 13 ," 69,421 ", 17 ," 85,514 ", 0.76 , 0.81 ,,,,,,,,,,,,,,,BROD_BROD_2050, 144 ," 8,58,846 ", 222 ," 13,47,048 ", 0.65 , 0.64 ,0.65,0.64
BROD_BROD_2054,986,5370418,,,BROD_BROD_2049, 1 ," 6,999 ", 1 ," 6,999 ", 1.00 , 1.00 ,,,,,,,,,,,,,,,BROD_BROD_2051, 132 ," 8,02,287 ", 225 ," 14,91,000 ", 0.59 , 0.54 ,0.59,0.54
BROD_BROD_2055,1132,7075643,,,BROD_BROD_2050, 144 ," 8,58,846 ", 222 ," 13,47,048 ", 0.65 , 0.64 ,,,,,,,,,,,,,,,BROD_BROD_2052, 71 ," 5,83,494 ", 118 ," 9,29,083 ", 0.60 , 0.63 ,0.6,0.63
BROD_BROD_2056,311,1877182,,,BROD_BROD_2051, 132 ," 8,02,287 ", 225 ," 14,91,000 ", 0.59 , 0.54 ,,,,,,,,,,,,,,,BROD_BROD_2053, 70 ," 6,22,107 ", 139 ," 12,48,303 ", 0.50 , 0.50 ,0.5,0.5
BROD_BROD_2057,480,3406883,,,BROD_BROD_2052, 71 ," 5,83,494 ", 118 ," 9,29,083 ", 0.60 , 0.63 ,,,,,,,,,,,,,,,BROD_BROD_2054, 739 ," 39,39,293 ", 986 ," 53,70,418 ", 0.75 , 0.73 ,0.75,0.73
BROD_BROD_2058,5,80020,,,BROD_BROD_2053, 70 ," 6,22,107 ", 139 ," 12,48,303 ", 0.50 , 0.50 ,,,,,,,,,,,,,,,BROD_BROD_2055, 731 ," 44,19,792 "," 1,132 "," 70,75,643 ", 0.65 , 0.62 ,0.65,0.62
BROD_BROD_2059,7,32094,,,BROD_BROD_2054, 739 ," 39,39,293 ", 986 ," 53,70,418 ", 0.75 , 0.73 ,,,,,,,,,,,,,,,BROD_BROD_2056, 217 ," 12,71,306 ", 311 ," 18,77,182 ", 0.70 , 0.68 ,0.7,0.68
BROD_BROD_2060,509,3508585,,,BROD_BROD_2055, 731 ," 44,19,792 "," 1,132 "," 70,75,643 ", 0.65 , 0.62 ,,,,,,,,,,,,,,,BROD_BROD_2057, 301 ," 21,06,208 ", 480 ," 34,06,883 ", 0.63 , 0.62 ,0.63,0.62
BROD_BROD_2061,438,3820071,,,BROD_BROD_2056, 217 ," 12,71,306 ", 311 ," 18,77,182 ", 0.70 , 0.68 ,,,,,,,,,,,,,,,BROD_BROD_2058, 3 ," 19,287 ", 5 ," 80,020 ", 0.60 , 0.24 ,0.6,0.24
BROD_BROD_2062,863,6499065,,,BROD_BROD_2057, 301 ," 21,06,208 ", 480 ," 34,06,883 ", 0.63 , 0.62 ,,,,,,,,,,,,,,,BROD_BROD_2059, 4 ," 25,691 ", 7 ," 32,094 ", 0.57 , 0.80 ,0.57,0.8
BROD_BROD_2063,891,11324454,,,BROD_BROD_2058, 3 ," 19,287 ", 5 ," 80,020 ", 0.60 , 0.24 ,,,,,,,,,,,,,,,BROD_BROD_2060, 277 ," 18,27,006 ", 509 ," 35,08,585 ", 0.54 , 0.52 ,0.54,0.52
BROD_BROD_2064,661,3413125,,,BROD_BROD_2059, 4 ," 25,691 ", 7 ," 32,094 ", 0.57 , 0.80 ,,,,,,,,,,,,,,,BROD_BROD_2061, 208 ," 15,65,232 ", 438 ," 38,20,071 ", 0.47 , 0.41 ,0.47,0.41
BROD_BROD_2065,564,3391487,,,BROD_BROD_2060, 277 ," 18,27,006 ", 509 ," 35,08,585 ", 0.54 , 0.52 ,,,,,,,,,,,,,,,BROD_BROD_2062, 502 ," 36,81,456 ", 863 ," 64,99,065 ", 0.58 , 0.57 ,0.58,0.57
BROD_BROD_2071,2,16866,,,BROD_BROD_2061, 208 ," 15,65,232 ", 438 ," 38,20,071 ", 0.47 , 0.41 ,,,,,,,,,,,,,,,BROD_BROD_2063, 425 ," 37,35,145 ", 891 ," 1,13,24,454 ", 0.48 , 0.33 ,0.48,0.33
BROD_BROD_2072,165,1086063,,,BROD_BROD_2062, 502 ," 36,81,456 ", 863 ," 64,99,065 ", 0.58 , 0.57 ,,,,,,,,,,,,,,,BROD_BROD_2064, 377 ," 19,12,080 ", 661 ," 34,13,125 ", 0.57 , 0.56 ,0.57,0.56
BROD_BROD_2073,509,3900121,,,BROD_BROD_2063, 425 ," 37,35,145 ", 891 ," 1,13,24,454 ", 0.48 , 0.33 ,,,,,,,,,,,,,,,BROD_BROD_2065, 258 ," 16,12,633 ", 564 ," 33,91,487 ", 0.46 , 0.48 ,0.46,0.48
BROD_BROD_2074,142,918776,,,BROD_BROD_2064, 377 ," 19,12,080 ", 661 ," 34,13,125 ", 0.57 , 0.56 ,,,,,,,,,,,,,,,BROD_BROD_2066,,, NA , NA , -   , -   , -   , -   
BROD_BROD_2075,122,3954096,,,BROD_BROD_2065, 258 ," 16,12,633 ", 564 ," 33,91,487 ", 0.46 , 0.48 ,,,,,,,,,,,,,,,BROD_BROD_2067,,, NA , NA , -   , -   , -   , -   
BROD_BROD_2081,8,51206,,,BROD_BROD_2066,,, NA , NA , -   , -   ,,,,,,,,,,,,,,,BROD_BROD_2068,,, NA , NA , -   , -   , -   , -   
BROD_BROD_2082,97,413633,,,BROD_BROD_2067,,, NA , NA , -   , -   ,,,,,,,,,,,,,,,BROD_BROD_2069,,, NA , NA , -   , -   , -   , -   
BROD_BROD_2088,412,3159094,,,BROD_BROD_2068,,, NA , NA , -   , -   ,,,,,,,,,,,,,,,BROD_BROD_2070,,, NA , NA , -   , -   , -   , -   
BROD_BROD_2090,585,4480466,,,BROD_BROD_2069,,, NA , NA , -   , -   ,,,,,,,,,,,,,,,BROD_BROD_2071, 1 ," 8,433 ", 2 ," 16,866 ", 0.50 , 0.50 ,0.5,0.5
BROD_BROD_2092,425,2596593,,,BROD_BROD_2070,,, NA , NA , -   , -   ,,,,,,,,,,,,,,,BROD_BROD_2072, 95 ," 4,99,502 ", 165 ," 10,86,063 ", 0.58 , 0.46 ,0.58,0.46
BROD_BROD_2094,193,1367480,,,BROD_BROD_2071, 1 ," 8,433 ", 2 ," 16,866 ", 0.50 , 0.50 ,,,,,,,,,,,,,,,BROD_BROD_2073, 279 ," 21,30,881 ", 509 ," 39,00,121 ", 0.55 , 0.55 ,0.55,0.55
BROD_BROD_2096,59,401243,,,BROD_BROD_2072, 95 ," 4,99,502 ", 165 ," 10,86,063 ", 0.58 , 0.46 ,,,,,,,,,,,,,,,BROD_BROD_2074, 95 ," 5,46,935 ", 142 ," 9,18,776 ", 0.67 , 0.60 ,0.67,0.6
BROD_BROD_2098,678,4091696,,,BROD_BROD_2073, 279 ," 21,30,881 ", 509 ," 39,00,121 ", 0.55 , 0.55 ,,,,,,,,,,,,,,,BROD_BROD_2075, 66 ," 4,40,293 ", 122 ," 39,54,096 ", 0.54 , 0.11 ,0.54,0.11
BROD_BROD_2100,211,1343877,,,BROD_BROD_2074, 95 ," 5,46,935 ", 142 ," 9,18,776 ", 0.67 , 0.60 ,,,,,,,,,,,,,,,BROD_BROD_2076,,, NA , NA , -   , -   , -   , -   
BROD_BROD_2102,345,3182029,,,BROD_BROD_2075, 66 ," 4,40,293 ", 122 ," 39,54,096 ", 0.54 , 0.11 ,,,,,,,,,,,,,,,BROD_BROD_2077,,, NA , NA , -   , -   , -   , -   
BROD_BROD_2104,693,6971822,,,BROD_BROD_2076,,, NA , NA , -   , -   ,,,,,,,,,,,,,,,BROD_BROD_2081, 4 ," 25,100 ", 8 ," 51,206 ", 0.50 , 0.49 ,0.5,0.49
BROD_BROD_2106,392,2298699,,,BROD_BROD_2077,,, NA , NA , -   , -   ,,,,,,,,,,,,,,,BROD_BROD_2082, 45 ," 1,55,644 ", 97 ," 4,13,633 ", 0.46 , 0.38 ,0.46,0.38
BROD_BROD_2108,176,1335442,,,BROD_BROD_2081, 4 ," 25,100 ", 8 ," 51,206 ", 0.50 , 0.49 ,,,,,,,,,,,,,,,BROD_BROD_2083,,, NA , NA , -   , -   , -   , -   
BROD_BROD_2110,98,818047,,,BROD_BROD_2082, 45 ," 1,55,644 ", 97 ," 4,13,633 ", 0.46 , 0.38 ,,,,,,,,,,,,,,,BROD_BROD_2084,,, NA , NA , -   , -   , -   , -   
BROD_BROD_2112,920,6400377,,,BROD_BROD_2083,,, NA , NA , -   , -   ,,,,,,,,,,,,,,,BROD_BROD_2085,,, NA , NA , -   , -   , -   , -   
BROD_BROD_2114,354,2638940,,,BROD_BROD_2084,,, NA , NA , -   , -   ,,,,,,,,,,,,,,,BROD_BROD_2086,,, NA , NA , -   , -   , -   , -   
BROD_BROD_2116,3,41373,,,BROD_BROD_2085,,, NA , NA , -   , -   ,,,,,,,,,,,,,,,BROD_BROD_2088, 314 ," 24,65,001 ", 412 ," 31,59,094 ", 0.76 , 0.78 ,0.76,0.78
BROD_BROD_2118,5,22511,,,BROD_BROD_2086,,, NA , NA , -   , -   ,,,,,,,,,,,,,,,BROD_BROD_2090, 488 ," 37,42,517 ", 585 ," 44,80,466 ", 0.83 , 0.84 ,0.83,0.84
BROD_BROD_2120,15,62734,,,BROD_BROD_2088, 314 ," 24,65,001 ", 412 ," 31,59,094 ", 0.76 , 0.78 ,,,,,,,,,,,,,,,BROD_BROD_2092, 337 ," 20,74,150 ", 425 ," 25,96,593 ", 0.79 , 0.80 ,0.79,0.8
BROD_BROD_2122,5,21283,,,BROD_BROD_2090, 488 ," 37,42,517 ", 585 ," 44,80,466 ", 0.83 , 0.84 ,,,,,,,,,,,,,,,BROD_BROD_2094, 160 ," 11,30,116 ", 193 ," 13,67,480 ", 0.83 , 0.83 ,0.83,0.83
BROD_BROD_2124,2,6729,,,BROD_BROD_2092, 337 ," 20,74,150 ", 425 ," 25,96,593 ", 0.79 , 0.80 ,,,,,,,,,,,,,,,BROD_BROD_2096, 52 ," 3,42,080 ", 59 ," 4,01,243 ", 0.88 , 0.85 ,0.88,0.85
BROD_BROD_2126,967,4902036,,,BROD_BROD_2094, 160 ," 11,30,116 ", 193 ," 13,67,480 ", 0.83 , 0.83 ,,,,,,,,,,,,,,,BROD_BROD_2098, 571 ," 34,28,578 ", 678 ," 40,91,696 ", 0.84 , 0.84 ,0.84,0.84
BROD_BROD_2127,245,3906847,,,BROD_BROD_2096, 52 ," 3,42,080 ", 59 ," 4,01,243 ", 0.88 , 0.85 ,,,,,,,,,,,,,,,BROD_BROD_2100, 176 ," 10,50,982 ", 211 ," 13,43,877 ", 0.83 , 0.78 ,0.83,0.78
BROD_BROD_2128,414,3018671,,,BROD_BROD_2098, 571 ," 34,28,578 ", 678 ," 40,91,696 ", 0.84 , 0.84 ,,,,,,,,,,,,,,,BROD_BROD_2102, 255 ," 22,69,962 ", 345 ," 31,82,029 ", 0.74 , 0.71 ,0.74,0.71
BROD_BROD_2135,111,738985,,,BROD_BROD_2100, 176 ," 10,50,982 ", 211 ," 13,43,877 ", 0.83 , 0.78 ,,,,,,,,,,,,,,,BROD_BROD_2104, 530 ," 52,55,375 ", 693 ," 69,71,822 ", 0.76 , 0.75 ,0.76,0.75
BROD_BROD_2137,382,3068309,,,BROD_BROD_2102, 255 ," 22,69,962 ", 345 ," 31,82,029 ", 0.74 , 0.71 ,,,,,,,,,,,,,,,BROD_BROD_2106, 292 ," 16,15,534 ", 392 ," 22,98,699 ", 0.74 , 0.70 ,0.74,0.7
BROD_BROD_2139,91,610308,,,BROD_BROD_2104, 530 ," 52,55,375 ", 693 ," 69,71,822 ", 0.76 , 0.75 ,,,,,,,,,,,,,,,BROD_BROD_2108, 123 ," 9,76,193 ", 176 ," 13,35,442 ", 0.70 , 0.73 ,0.7,0.73
BROD_BROD_2141,100,793522,,,BROD_BROD_2106, 292 ," 16,15,534 ", 392 ," 22,98,699 ", 0.74 , 0.70 ,,,,,,,,,,,,,,,BROD_BROD_2110, 68 ," 5,68,159 ", 98 ," 8,18,047 ", 0.69 , 0.69 ,0.69,0.69
BROD_BROD_2142,45,3369899,,,BROD_BROD_2108, 123 ," 9,76,193 ", 176 ," 13,35,442 ", 0.70 , 0.73 ,,,,,,,,,,,,,,,BROD_BROD_2112, 698 ," 47,83,446 ", 920 ," 64,00,377 ", 0.76 , 0.75 ,0.76,0.75
BROD_BROD_2145,821,4118877,,,BROD_BROD_2110, 68 ," 5,68,159 ", 98 ," 8,18,047 ", 0.69 , 0.69 ,,,,,,,,,,,,,,,BROD_BROD_2114, 255 ," 19,60,700 ", 354 ," 26,38,940 ", 0.72 , 0.74 ,0.72,0.74
BROD_BROD_2146,192,3412189,,,BROD_BROD_2112, 698 ," 47,83,446 ", 920 ," 64,00,377 ", 0.76 , 0.75 ,,,,,,,,,,,,,,,BROD_BROD_2116, 3 ," 41,373 ", 3 ," 41,373 ", 1.00 , 1.00 ,1,1
BROD_BROD_2158,99,570657,,,BROD_BROD_2114, 255 ," 19,60,700 ", 354 ," 26,38,940 ", 0.72 , 0.74 ,,,,,,,,,,,,,,,BROD_BROD_2118, 2 ," 5,084 ", 5 ," 22,511 ", 0.40 , 0.23 ,0.4,0.23
BROD_BROD_2159,6,18097,,,BROD_BROD_2116, 3 ," 41,373 ", 3 ," 41,373 ", 1.00 , 1.00 ,,,,,,,,,,,,,,,BROD_BROD_2120, 15 ," 62,735 ", 15 ," 62,734 ", 1.00 , 1.00 ,1,1
BROD_BROD_2160,126,623798,,,BROD_BROD_2118, 2 ," 5,084 ", 5 ," 22,511 ", 0.40 , 0.23 ,,,,,,,,,,,,,,,BROD_BROD_2122, 3 ," 14,986 ", 5 ," 21,283 ", 0.60 , 0.70 ,0.6,0.7
BROD_BROD_2161,197,826416,,,BROD_BROD_2120, 15 ," 62,735 ", 15 ," 62,734 ", 1.00 , 1.00 ,,,,,,,,,,,,,,,BROD_BROD_2124, 2 ," 6,729 ", 2 ," 6,729 ", 1.00 , 1.00 ,1,1
BROD_BROD_2162,132,626886,,,BROD_BROD_2122, 3 ," 14,986 ", 5 ," 21,283 ", 0.60 , 0.70 ,,,,,,,,,,,,,,,BROD_BROD_2125,,, NA , NA , -   , -   , -   , -   
BROD_BROD_2163,200,805125,,,BROD_BROD_2124, 2 ," 6,729 ", 2 ," 6,729 ", 1.00 , 1.00 ,,,,,,,,,,,,,,,BROD_BROD_2126, 753 ," 35,70,924 ", 967 ," 49,02,036 ", 0.78 , 0.73 ,0.78,0.73
BROD_BROD_2170,51,3701381,,,BROD_BROD_2125,,, NA , NA , -   , -   ,,,,,,,,,,,,,,,BROD_BROD_2127, 183 ," 10,77,629 ", 245 ," 39,06,847 ", 0.75 , 0.28 ,0.75,0.28
BROD_BROD_2172,61,3705017,,,BROD_BROD_2126, 753 ," 35,70,924 ", 967 ," 49,02,036 ", 0.78 , 0.73 ,,,,,,,,,,,,,,,BROD_BROD_2128, 314 ," 21,54,111 ", 414 ," 30,18,671 ", 0.76 , 0.71 ,0.76,0.71
BROD_BROD_2211,93,621240,,,BROD_BROD_2127, 183 ," 10,77,629 ", 245 ," 39,06,847 ", 0.75 , 0.28 ,,,,,,,,,,,,,,,BROD_BROD_2129,,, NA , NA , -   , -   , -   , -   
BROD_BROD_2212,306,2284593,,,BROD_BROD_2128, 314 ," 21,54,111 ", 414 ," 30,18,671 ", 0.76 , 0.71 ,,,,,,,,,,,,,,,BROD_BROD_2130,,, NA , NA , -   , -   , -   , -   
BROD_BROD_2213,87,579058,,,BROD_BROD_2129,,, NA , NA , -   , -   ,,,,,,,,,,,,,,,BROD_BROD_2131,,, NA , NA , -   , -   , -   , -   
BROD_BROD_2214,79,621304,,,BROD_BROD_2130,,, NA , NA , -   , -   ,,,,,,,,,,,,,,,BROD_BROD_2132,,, NA , NA , -   , -   , -   , -   
BROD_BROD_2215,10,80459,,,BROD_BROD_2131,,, NA , NA , -   , -   ,,,,,,,,,,,,,,,BROD_BROD_2133,,, NA , NA , -   , -   , -   , -   
BROD_BROD_2216,65,576174,,,BROD_BROD_2132,,, NA , NA , -   , -   ,,,,,,,,,,,,,,,BROD_BROD_2135, 78 ," 5,20,107 ", 111 ," 7,38,985 ", 0.70 , 0.70 ,0.7,0.7
BROD_BROD_2217,125,1081442,,,BROD_BROD_2133,,, NA , NA , -   , -   ,,,,,,,,,,,,,,,BROD_BROD_2137, 217 ," 17,48,292 ", 382 ," 30,68,309 ", 0.57 , 0.57 ,0.57,0.57
BROD_BROD_2218,62,354313,,,BROD_BROD_2135, 78 ," 5,20,107 ", 111 ," 7,38,985 ", 0.70 , 0.70 ,,,,,,,,,,,,,,,BROD_BROD_2139, 62 ," 4,20,627 ", 91 ," 6,10,308 ", 0.68 , 0.69 ,0.68,0.69
BROD_BROD_2219,149,1050028,,,BROD_BROD_2137, 217 ," 17,48,292 ", 382 ," 30,68,309 ", 0.57 , 0.57 ,,,,,,,,,,,,,,,BROD_BROD_2141, 70 ," 5,66,418 ", 100 ," 7,93,522 ", 0.70 , 0.71 ,0.7,0.71
BROD_BROD_2220,13,78513,,,BROD_BROD_2139, 62 ," 4,20,627 ", 91 ," 6,10,308 ", 0.68 , 0.69 ,,,,,,,,,,,,,,,BROD_BROD_2142, 29 ," 1,42,823 ", 45 ," 33,69,899 ", 0.64 , 0.04 ,0.64,0.04
BROD_BROD_2221,24,305372,,,BROD_BROD_2141, 70 ," 5,66,418 ", 100 ," 7,93,522 ", 0.70 , 0.71 ,,,,,,,,,,,,,,,BROD_BROD_2143,,, NA , NA , -   , -   , -   , -   
BROD_BROD_2222,274,2444994,,,BROD_BROD_2142, 29 ," 1,42,823 ", 45 ," 33,69,899 ", 0.64 , 0.04 ,,,,,,,,,,,,,,,BROD_BROD_2145, 388 ," 17,52,427 ", 821 ," 41,18,877 ", 0.47 , 0.43 ,0.47,0.43
BROD_BROD_2223,535,5075978,,,BROD_BROD_2143,,, NA , NA , -   , -   ,,,,,,,,,,,,,,,BROD_BROD_2146, 107 ," 6,64,252 ", 192 ," 34,12,189 ", 0.56 , 0.19 ,0.56,0.19
BROD_BROD_2224,56,306206,,,BROD_BROD_2145, 388 ," 17,52,427 ", 821 ," 41,18,877 ", 0.47 , 0.43 ,,,,,,,,,,,,,,,BROD_BROD_2147,,, NA , NA , -   , -   , -   , -   
BROD_BROD_2225,128,900626,,,BROD_BROD_2146, 107 ," 6,64,252 ", 192 ," 34,12,189 ", 0.56 , 0.19 ,,,,,,,,,,,,,,,BROD_BROD_2148,,, NA , NA , -   , -   , -   , -   
BROD_BROD_2226,15,118485,,,BROD_BROD_2147,,, NA , NA , -   , -   ,,,,,,,,,,,,,,,BROD_BROD_2149,,, NA , NA , -   , -   , -   , -   
BROD_BROD_2227,17,155004,,,BROD_BROD_2148,,, NA , NA , -   , -   ,,,,,,,,,,,,,,,BROD_BROD_2150,,, NA , NA , -   , -   , -   , -   
BROD_BROD_2228,13,88266,,,BROD_BROD_2149,,, NA , NA , -   , -   ,,,,,,,,,,,,,,,BROD_BROD_2151,,, NA , NA , -   , -   , -   , -   
BROD_BROD_2229,13,79466,,,BROD_BROD_2150,,, NA , NA , -   , -   ,,,,,,,,,,,,,,,BROD_BROD_2152,,, NA , NA , -   , -   , -   , -   
BROD_BROD_2230,16,99334,,,BROD_BROD_2151,,, NA , NA , -   , -   ,,,,,,,,,,,,,,,BROD_BROD_2153,,, NA , NA , -   , -   , -   , -   
BROD_BROD_2231,71,537672,,,BROD_BROD_2152,,, NA , NA , -   , -   ,,,,,,,,,,,,,,,BROD_BROD_2154,,, NA , NA , -   , -   , -   , -   
BROD_BROD_2232,41,312884,,,BROD_BROD_2153,,, NA , NA , -   , -   ,,,,,,,,,,,,,,,BROD_BROD_2155,,, NA , NA , -   , -   , -   , -   
BROD_BROD_2233,58,443094,,,BROD_BROD_2154,,, NA , NA , -   , -   ,,,,,,,,,,,,,,,BROD_BROD_2156,,, NA , NA , -   , -   , -   , -   
BROD_BROD_2234,62,411029,,,BROD_BROD_2155,,, NA , NA , -   , -   ,,,,,,,,,,,,,,,BROD_BROD_2157,,, NA , NA , -   , -   , -   , -   
BROD_BROD_2235,103,680868,,,BROD_BROD_2156,,, NA , NA , -   , -   ,,,,,,,,,,,,,,,BROD_BROD_2158, 40 ," 1,80,337 ", 99 ," 5,70,657 ", 0.40 , 0.32 ,0.4,0.32
BROD_BROD_2236,133,743130,,,BROD_BROD_2157,,, NA , NA , -   , -   ,,,,,,,,,,,,,,,BROD_BROD_2159, 5 ," 12,598 ", 6 ," 18,097 ", 0.83 , 0.70 ,0.83,0.7
BROD_BROD_2237,284,1756530,,,BROD_BROD_2158, 40 ," 1,80,337 ", 99 ," 5,70,657 ", 0.40 , 0.32 ,,,,,,,,,,,,,,,BROD_BROD_2160, 74 ," 3,85,654 ", 126 ," 6,23,798 ", 0.59 , 0.62 ,0.59,0.62
BROD_BROD_2238,148,931858,,,BROD_BROD_2159, 5 ," 12,598 ", 6 ," 18,097 ", 0.83 , 0.70 ,,,,,,,,,,,,,,,BROD_BROD_2161, 107 ," 4,33,317 ", 197 ," 8,26,416 ", 0.54 , 0.52 ,0.54,0.52
BROD_BROD_2239,315,1995158,,,BROD_BROD_2160, 74 ," 3,85,654 ", 126 ," 6,23,798 ", 0.59 , 0.62 ,,,,,,,,,,,,,,,BROD_BROD_2162, 107 ," 4,66,265 ", 132 ," 6,26,886 ", 0.81 , 0.74 ,0.81,0.74
BROD_BROD_2240,92,573072,,,BROD_BROD_2161, 107 ," 4,33,317 ", 197 ," 8,26,416 ", 0.54 , 0.52 ,,,,,,,,,,,,,,,BROD_BROD_2163, 166 ," 6,70,696 ", 200 ," 8,05,125 ", 0.83 , 0.83 ,0.83,0.83
BROD_BROD_2241,161,1048078,,,BROD_BROD_2162, 107 ," 4,66,265 ", 132 ," 6,26,886 ", 0.81 , 0.74 ,,,,,,,,,,,,,,,BROD_BROD_2166,,, NA , NA , -   , -   , -   , -   
BROD_BROD_2242,23,125844,,,BROD_BROD_2163, 166 ," 6,70,696 ", 200 ," 8,05,125 ", 0.83 , 0.83 ,,,,,,,,,,,,,,,BROD_BROD_2167,,, NA , NA , -   , -   , -   , -   
BROD_BROD_2243,97,697897,,,BROD_BROD_2166,,, NA , NA , -   , -   ,,,,,,,,,,,,,,,BROD_BROD_2168,,, NA , NA , -   , -   , -   , -   
BROD_BROD_2244,155,1076955,,,BROD_BROD_2167,,, NA , NA , -   , -   ,,,,,,,,,,,,,,,BROD_BROD_2169,,, NA , NA , -   , -   , -   , -   
BROD_BROD_2245,143,1058387,,,BROD_BROD_2168,,, NA , NA , -   , -   ,,,,,,,,,,,,,,,BROD_BROD_2170, 28 ," 3,17,625 ", 51 ," 37,01,381 ", 0.55 , 0.09 ,0.55,0.09
BROD_BROD_2246,207,1807601,,,BROD_BROD_2169,,, NA , NA , -   , -   ,,,,,,,,,,,,,,,BROD_BROD_2171,,, NA , NA , -   , -   , -   , -   
BROD_BROD_2247,35,247381,,,BROD_BROD_2170, 28 ," 3,17,625 ", 51 ," 37,01,381 ", 0.55 , 0.09 ,,,,,,,,,,,,,,,BROD_BROD_2172, 27 ," 2,00,151 ", 61 ," 37,05,017 ", 0.44 , 0.05 ,0.44,0.05
BROD_BROD_2248,48,331599,,,BROD_BROD_2171,,, NA , NA , -   , -   ,,,,,,,,,,,,,,,BROD_BROD_2176,,, NA , NA , -   , -   , -   , -   
BROD_BROD_2255,75,467568,,,BROD_BROD_2172, 27 ," 2,00,151 ", 61 ," 37,05,017 ", 0.44 , 0.05 ,,,,,,,,,,,,,,,BROD_BROD_2177,,, NA , NA , -   , -   , -   , -   
BROD_BROD_2257,3,6647,,,BROD_BROD_2176,,, NA , NA , -   , -   ,,,,,,,,,,,,,,,BROD_BROD_2178,,, NA , NA , -   , -   , -   , -   
BROD_BROD_2258,3,19391,,,BROD_BROD_2177,,, NA , NA , -   , -   ,,,,,,,,,,,,,,,BROD_BROD_2179,,, NA , NA , -   , -   , -   , -   
BROD_BROD_2259,4,2159898,,,BROD_BROD_2178,,, NA , NA , -   , -   ,,,,,,,,,,,,,,,BROD_BROD_2180,,, NA , NA , -   , -   , -   , -   
BROD_BROD_2260,3,16594,,,BROD_BROD_2179,,, NA , NA , -   , -   ,,,,,,,,,,,,,,,BROD_BROD_2181,,, NA , NA , -   , -   , -   , -   
BROD_BROD_2261,2,43280,,,BROD_BROD_2180,,, NA , NA , -   , -   ,,,,,,,,,,,,,,,BROD_BROD_2182,,, NA , NA , -   , -   , -   , -   
BROD_BROD_2266,99,648256,,,BROD_BROD_2181,,, NA , NA , -   , -   ,,,,,,,,,,,,,,,BROD_BROD_2183,,, NA , NA , -   , -   , -   , -   
BROD_BROD_2267,293,2153243,,,BROD_BROD_2182,,, NA , NA , -   , -   ,,,,,,,,,,,,,,,BROD_BROD_2184,,, NA , NA , -   , -   , -   , -   
BROD_BROD_2268,78,491176,,,BROD_BROD_2183,,, NA , NA , -   , -   ,,,,,,,,,,,,,,,BROD_BROD_2185,,, NA , NA , -   , -   , -   , -   
BROD_BROD_2269,76,587123,,,BROD_BROD_2184,,, NA , NA , -   , -   ,,,,,,,,,,,,,,,BROD_BROD_2186,,, NA , NA , -   , -   , -   , -   
BROD_BROD_2271,32,2688621,,,BROD_BROD_2185,,, NA , NA , -   , -   ,,,,,,,,,,,,,,,BROD_BROD_2187,,, NA , NA , -   , -   , -   , -   
BROD_BROD_2275,783,5985908,,,BROD_BROD_2186,,, NA , NA , -   , -   ,,,,,,,,,,,,,,,BROD_BROD_2188,,, NA , NA , -   , -   , -   , -   
BROD_BROD_2276,30,232465,,,BROD_BROD_2187,,, NA , NA , -   , -   ,,,,,,,,,,,,,,,BROD_BROD_2189,,, NA , NA , -   , -   , -   , -   
BROD_BROD_2277,2,6020,,,BROD_BROD_2188,,, NA , NA , -   , -   ,,,,,,,,,,,,,,,BROD_BROD_2190,,, NA , NA , -   , -   , -   , -   
BROD_BROD_2285,61,313403,,,BROD_BROD_2189,,, NA , NA , -   , -   ,,,,,,,,,,,,,,,BROD_BROD_2191,,, NA , NA , -   , -   , -   , -   
BROD_BROD_2287,90,424798,,,BROD_BROD_2190,,, NA , NA , -   , -   ,,,,,,,,,,,,,,,BROD_BROD_2192,,, NA , NA , -   , -   , -   , -   
BROD_BROD_2358,5,46975,,,BROD_BROD_2191,,, NA , NA , -   , -   ,,,,,,,,,,,,,,,BROD_BROD_2193,,, NA , NA , -   , -   , -   , -   
BROD_BROD_2360,27,329166,,,BROD_BROD_2192,,, NA , NA , -   , -   ,,,,,,,,,,,,,,,BROD_BROD_2194,,, NA , NA , -   , -   , -   , -   
BROD_BROD_2362,60,648467,,,BROD_BROD_2193,,, NA , NA , -   , -   ,,,,,,,,,,,,,,,BROD_BROD_2195,,, NA , NA , -   , -   , -   , -   
BROD_BROD_2364,26,184003,,,BROD_BROD_2194,,, NA , NA , -   , -   ,,,,,,,,,,,,,,,BROD_BROD_2196,,, NA , NA , -   , -   , -   , -   
BROD_BROD_2395,51,358655,,,BROD_BROD_2195,,, NA , NA , -   , -   ,,,,,,,,,,,,,,,BROD_BROD_2197,,, NA , NA , -   , -   , -   , -   
BROD_BROD_2397,6,41508,,,BROD_BROD_2196,,, NA , NA , -   , -   ,,,,,,,,,,,,,,,BROD_BROD_2198,,, NA , NA , -   , -   , -   , -   
BROD_BROD_2399,7,50177,,,BROD_BROD_2197,,, NA , NA , -   , -   ,,,,,,,,,,,,,,,BROD_BROD_2199,,, NA , NA , -   , -   , -   , -   
BROD_BROD_2429,103,917792,,,BROD_BROD_2198,,, NA , NA , -   , -   ,,,,,,,,,,,,,,,BROD_BROD_2200,,, NA , NA , -   , -   , -   , -   
BROD_BROD_2431,197,1900316,,,BROD_BROD_2199,,, NA , NA , -   , -   ,,,,,,,,,,,,,,,BROD_BROD_2201,,, NA , NA , -   , -   , -   , -   
BROD_BROD_2433,22,141740,,,BROD_BROD_2200,,, NA , NA , -   , -   ,,,,,,,,,,,,,,,BROD_BROD_2202,,, NA , NA , -   , -   , -   , -   
BROD_BROD_2434,46,341146,,,BROD_BROD_2201,,, NA , NA , -   , -   ,,,,,,,,,,,,,,,BROD_BROD_2203,,, NA , NA , -   , -   , -   , -   
BROD_BROD_2435,10,97906,,,BROD_BROD_2202,,, NA , NA , -   , -   ,,,,,,,,,,,,,,,BROD_BROD_2204,,, NA , NA , -   , -   , -   , -   
BROD_BROD_2436,7,89992,,,BROD_BROD_2203,,, NA , NA , -   , -   ,,,,,,,,,,,,,,,BROD_BROD_2205,,, NA , NA , -   , -   , -   , -   
BROD_BROD_2437,5,89668,,,BROD_BROD_2204,,, NA , NA , -   , -   ,,,,,,,,,,,,,,,BROD_BROD_2206,,, NA , NA , -   , -   , -   , -   
BROD_BROD_2438,5,40581,,,BROD_BROD_2205,,, NA , NA , -   , -   ,,,,,,,,,,,,,,,BROD_BROD_2207,,, NA , NA , -   , -   , -   , -   
BROD_BROD_2439,7,24524,,,BROD_BROD_2206,,, NA , NA , -   , -   ,,,,,,,,,,,,,,,BROD_BROD_2208,,, NA , NA , -   , -   , -   , -   
BROD_BROD_2440,35,242891,,,BROD_BROD_2207,,, NA , NA , -   , -   ,,,,,,,,,,,,,,,BROD_BROD_2209,,, NA , NA , -   , -   , -   , -   
BROD_BROD_2441,17,131725,,,BROD_BROD_2208,,, NA , NA , -   , -   ,,,,,,,,,,,,,,,BROD_BROD_2210,,, NA , NA , -   , -   , -   , -   
BROD_BROD_2442,39,378344,,,BROD_BROD_2209,,, NA , NA , -   , -   ,,,,,,,,,,,,,,,BROD_BROD_2211, 62 ," 4,06,553 ", 93 ," 6,21,240 ", 0.67 , 0.65 ,0.67,0.65
BROD_BROD_2443,31,196822,,,BROD_BROD_2210,,, NA , NA , -   , -   ,,,,,,,,,,,,,,,BROD_BROD_2212, 181 ," 12,29,374 ", 306 ," 22,84,593 ", 0.59 , 0.54 ,0.59,0.54
BROD_BROD_2444,39,232577,,,BROD_BROD_2211, 62 ," 4,06,553 ", 93 ," 6,21,240 ", 0.67 , 0.65 ,,,,,,,,,,,,,,,BROD_BROD_2213, 48 ," 3,04,689 ", 87 ," 5,79,058 ", 0.55 , 0.53 ,0.55,0.53
BROD_BROD_2445,54,270405,,,BROD_BROD_2212, 181 ," 12,29,374 ", 306 ," 22,84,593 ", 0.59 , 0.54 ,,,,,,,,,,,,,,,BROD_BROD_2214, 50 ," 3,62,500 ", 79 ," 6,21,304 ", 0.63 , 0.58 ,0.63,0.58
BROD_BROD_2446,115,869164,,,BROD_BROD_2213, 48 ," 3,04,689 ", 87 ," 5,79,058 ", 0.55 , 0.53 ,,,,,,,,,,,,,,,BROD_BROD_2215, 4 ," 36,079 ", 10 ," 80,459 ", 0.40 , 0.45 ,0.4,0.45
BROD_BROD_2447,90,699716,,,BROD_BROD_2214, 50 ," 3,62,500 ", 79 ," 6,21,304 ", 0.63 , 0.58 ,,,,,,,,,,,,,,,BROD_BROD_2216, 39 ," 3,89,959 ", 65 ," 5,76,174 ", 0.60 , 0.68 ,0.6,0.68
BROD_BROD_2448,109,740558,,,BROD_BROD_2215, 4 ," 36,079 ", 10 ," 80,459 ", 0.40 , 0.45 ,,,,,,,,,,,,,,,BROD_BROD_2217, 81 ," 6,57,343 ", 125 ," 10,81,442 ", 0.65 , 0.61 ,0.65,0.61
BROD_BROD_2449,49,264648,,,BROD_BROD_2216, 39 ," 3,89,959 ", 65 ," 5,76,174 ", 0.60 , 0.68 ,,,,,,,,,,,,,,,BROD_BROD_2218, 39 ," 2,15,173 ", 62 ," 3,54,313 ", 0.63 , 0.61 ,0.63,0.61
BROD_BROD_2450,76,477364,,,BROD_BROD_2217, 81 ," 6,57,343 ", 125 ," 10,81,442 ", 0.65 , 0.61 ,,,,,,,,,,,,,,,BROD_BROD_2219, 100 ," 6,82,863 ", 149 ," 10,50,028 ", 0.67 , 0.65 ,0.67,0.65
BROD_BROD_2451,10,55958,,,BROD_BROD_2218, 39 ," 2,15,173 ", 62 ," 3,54,313 ", 0.63 , 0.61 ,,,,,,,,,,,,,,,BROD_BROD_2220, 9 ," 60,119 ", 13 ," 78,513 ", 0.69 , 0.77 ,0.69,0.77
BROD_BROD_2452,42,303125,,,BROD_BROD_2219, 100 ," 6,82,863 ", 149 ," 10,50,028 ", 0.67 , 0.65 ,,,,,,,,,,,,,,,BROD_BROD_2221, 17 ," 2,28,337 ", 24 ," 3,05,372 ", 0.71 , 0.75 ,0.71,0.75
BROD_BROD_2453,60,385412,,,BROD_BROD_2220, 9 ," 60,119 ", 13 ," 78,513 ", 0.69 , 0.77 ,,,,,,,,,,,,,,,BROD_BROD_2222, 172 ," 14,76,611 ", 274 ," 24,44,994 ", 0.63 , 0.60 ,0.63,0.6
BROD_BROD_2454,64,506651,,,BROD_BROD_2221, 17 ," 2,28,337 ", 24 ," 3,05,372 ", 0.71 , 0.75 ,,,,,,,,,,,,,,,BROD_BROD_2223, 350 ," 32,12,196 ", 535 ," 50,75,978 ", 0.65 , 0.63 ,0.65,0.63
BROD_BROD_2455,87,698697,,,BROD_BROD_2222, 172 ," 14,76,611 ", 274 ," 24,44,994 ", 0.63 , 0.60 ,,,,,,,,,,,,,,,BROD_BROD_2224, 39 ," 1,88,317 ", 56 ," 3,06,206 ", 0.70 , 0.62 ,0.7,0.62
BROD_BROD_2456,14,80215,,,BROD_BROD_2223, 350 ," 32,12,196 ", 535 ," 50,75,978 ", 0.65 , 0.63 ,,,,,,,,,,,,,,,BROD_BROD_2225, 86 ," 6,02,249 ", 128 ," 9,00,626 ", 0.67 , 0.67 ,0.67,0.67
BROD_BROD_2457,13,71210,,,BROD_BROD_2224, 39 ," 1,88,317 ", 56 ," 3,06,206 ", 0.70 , 0.62 ,,,,,,,,,,,,,,,BROD_BROD_2226, 7 ," 39,536 ", 15 ," 1,18,485 ", 0.47 , 0.33 ,0.47,0.33
BROD_BROD_2458,3,14689,,,BROD_BROD_2225, 86 ," 6,02,249 ", 128 ," 9,00,626 ", 0.67 , 0.67 ,,,,,,,,,,,,,,,BROD_BROD_2227, 14 ," 1,37,515 ", 17 ," 1,55,004 ", 0.82 , 0.89 ,0.82,0.89
BROD_BROD_2459,27,187823,,,BROD_BROD_2226, 7 ," 39,536 ", 15 ," 1,18,485 ", 0.47 , 0.33 ,,,,,,,,,,,,,,,BROD_BROD_2228, 8 ," 53,879 ", 13 ," 88,266 ", 0.62 , 0.61 ,0.62,0.61
BROD_BROD_2460,26,211962,,,BROD_BROD_2227, 14 ," 1,37,515 ", 17 ," 1,55,004 ", 0.82 , 0.89 ,,,,,,,,,,,,,,,BROD_BROD_2229, 9 ," 63,143 ", 13 ," 79,466 ", 0.69 , 0.79 ,0.69,0.79
BROD_BROD_2464,47,306137,,,BROD_BROD_2228, 8 ," 53,879 ", 13 ," 88,266 ", 0.62 , 0.61 ,,,,,,,,,,,,,,,BROD_BROD_2230, 9 ," 70,059 ", 16 ," 99,334 ", 0.56 , 0.71 ,0.56,0.71
BROD_BROD_2465,119,1143136,,,BROD_BROD_2229, 9 ," 63,143 ", 13 ," 79,466 ", 0.69 , 0.79 ,,,,,,,,,,,,,,,BROD_BROD_2231, 46 ," 3,55,236 ", 71 ," 5,37,672 ", 0.65 , 0.66 ,0.65,0.66
BROD_BROD_2466,8,68302,,,BROD_BROD_2230, 9 ," 70,059 ", 16 ," 99,334 ", 0.56 , 0.71 ,,,,,,,,,,,,,,,BROD_BROD_2232, 30 ," 2,14,724 ", 41 ," 3,12,884 ", 0.73 , 0.69 ,0.73,0.69
BROD_BROD_2467,31,153305,,,BROD_BROD_2231, 46 ," 3,55,236 ", 71 ," 5,37,672 ", 0.65 , 0.66 ,,,,,,,,,,,,,,,BROD_BROD_2233, 35 ," 2,48,881 ", 58 ," 4,43,094 ", 0.60 , 0.56 ,0.6,0.56
BROD_BROD_2468,34,221941,,,BROD_BROD_2232, 30 ," 2,14,724 ", 41 ," 3,12,884 ", 0.73 , 0.69 ,,,,,,,,,,,,,,,BROD_BROD_2234, 36 ," 1,99,395 ", 62 ," 4,11,029 ", 0.58 , 0.49 ,0.58,0.49
BROD_BROD_2469,1,2521,,,BROD_BROD_2233, 35 ," 2,48,881 ", 58 ," 4,43,094 ", 0.60 , 0.56 ,,,,,,,,,,,,,,,BROD_BROD_2235, 65 ," 4,71,398 ", 103 ," 6,80,868 ", 0.63 , 0.69 ,0.63,0.69
Grand Total,45041,344481898,,,BROD_BROD_2234, 36 ," 1,99,395 ", 62 ," 4,11,029 ", 0.58 , 0.49 ,,,,,,,,,,,,,,,BROD_BROD_2236, 92 ," 5,32,276 ", 133 ," 7,43,130 ", 0.69 , 0.72 ,0.69,0.72
,,,,,BROD_BROD_2235, 65 ," 4,71,398 ", 103 ," 6,80,868 ", 0.63 , 0.69 ,,,,,,,,,,,,,,,BROD_BROD_2237, 176 ," 10,41,252 ", 284 ," 17,56,530 ", 0.62 , 0.59 ,0.62,0.59
,,,,,BROD_BROD_2236, 92 ," 5,32,276 ", 133 ," 7,43,130 ", 0.69 , 0.72 ,,,,,,,,,,,,,,,BROD_BROD_2238, 100 ," 6,07,630 ", 148 ," 9,31,858 ", 0.68 , 0.65 ,0.68,0.65
,,,,,BROD_BROD_2237, 176 ," 10,41,252 ", 284 ," 17,56,530 ", 0.62 , 0.59 ,,,,,,,,,,,,,,,BROD_BROD_2239, 194 ," 12,66,409 ", 315 ," 19,95,158 ", 0.62 , 0.63 ,0.62,0.63
,,,,,BROD_BROD_2238, 100 ," 6,07,630 ", 148 ," 9,31,858 ", 0.68 , 0.65 ,,,,,,,,,,,,,,,BROD_BROD_2240, 51 ," 3,25,600 ", 92 ," 5,73,072 ", 0.55 , 0.57 ,0.55,0.57
,,,,,BROD_BROD_2239, 194 ," 12,66,409 ", 315 ," 19,95,158 ", 0.62 , 0.63 ,,,,,,,,,,,,,,,BROD_BROD_2241, 106 ," 6,17,948 ", 161 ," 10,48,078 ", 0.66 , 0.59 ,0.66,0.59
,,,,,BROD_BROD_2240, 51 ," 3,25,600 ", 92 ," 5,73,072 ", 0.55 , 0.57 ,,,,,,,,,,,,,,,BROD_BROD_2242, 12 ," 82,953 ", 23 ," 1,25,844 ", 0.52 , 0.66 ,0.52,0.66
,,,,,BROD_BROD_2241, 106 ," 6,17,948 ", 161 ," 10,48,078 ", 0.66 , 0.59 ,,,,,,,,,,,,,,,BROD_BROD_2243, 52 ," 3,66,026 ", 97 ," 6,97,897 ", 0.54 , 0.52 ,0.54,0.52
,,,,,BROD_BROD_2242, 12 ," 82,953 ", 23 ," 1,25,844 ", 0.52 , 0.66 ,,,,,,,,,,,,,,,BROD_BROD_2244, 88 ," 6,90,121 ", 155 ," 10,76,955 ", 0.57 , 0.64 ,0.57,0.64
,,,,,BROD_BROD_2243, 52 ," 3,66,026 ", 97 ," 6,97,897 ", 0.54 , 0.52 ,,,,,,,,,,,,,,,BROD_BROD_2245, 88 ," 6,54,533 ", 143 ," 10,58,387 ", 0.62 , 0.62 ,0.62,0.62
,,,,,BROD_BROD_2244, 88 ," 6,90,121 ", 155 ," 10,76,955 ", 0.57 , 0.64 ,,,,,,,,,,,,,,,BROD_BROD_2246, 123 ," 10,15,518 ", 207 ," 18,07,601 ", 0.59 , 0.56 ,0.59,0.56
,,,,,BROD_BROD_2245, 88 ," 6,54,533 ", 143 ," 10,58,387 ", 0.62 , 0.62 ,,,,,,,,,,,,,,,BROD_BROD_2247, 19 ," 1,48,969 ", 35 ," 2,47,381 ", 0.54 , 0.60 ,0.54,0.6
,,,,,BROD_BROD_2246, 123 ," 10,15,518 ", 207 ," 18,07,601 ", 0.59 , 0.56 ,,,,,,,,,,,,,,,BROD_BROD_2248, 28 ," 1,94,220 ", 48 ," 3,31,599 ", 0.58 , 0.59 ,0.58,0.59
,,,,,BROD_BROD_2247, 19 ," 1,48,969 ", 35 ," 2,47,381 ", 0.54 , 0.60 ,,,,,,,,,,,,,,,BROD_BROD_2249,,, NA , NA , -   , -   , -   , -   
,,,,,BROD_BROD_2248, 28 ," 1,94,220 ", 48 ," 3,31,599 ", 0.58 , 0.59 ,,,,,,,,,,,,,,,BROD_BROD_2250,,, NA , NA , -   , -   , -   , -   
,,,,,BROD_BROD_2249,,, NA , NA , -   , -   ,,,,,,,,,,,,,,,BROD_BROD_2251,,, NA , NA , -   , -   , -   , -   
,,,,,BROD_BROD_2250,,, NA , NA , -   , -   ,,,,,,,,,,,,,,,BROD_BROD_2252,,, NA , NA , -   , -   , -   , -   
,,,,,BROD_BROD_2251,,, NA , NA , -   , -   ,,,,,,,,,,,,,,,BROD_BROD_2253,,, NA , NA , -   , -   , -   , -   
,,,,,BROD_BROD_2252,,, NA , NA , -   , -   ,,,,,,,,,,,,,,,BROD_BROD_2255, 40 ," 1,66,190 ", 75 ," 4,67,568 ", 0.53 , 0.36 ,0.53,0.36
,,,,,BROD_BROD_2253,,, NA , NA , -   , -   ,,,,,,,,,,,,,,,BROD_BROD_2257, 1 , 549 , 3 ," 6,647 ", 0.33 , 0.08 ,0.33,0.08
,,,,,BROD_BROD_2255, 40 ," 1,66,190 ", 75 ," 4,67,568 ", 0.53 , 0.36 ,,,,,,,,,,,,,,,BROD_BROD_2258, 3 ," 19,391 ", 3 ," 19,391 ", 1.00 , 1.00 ,1,1
,,,,,BROD_BROD_2257, 1 , 549 , 3 ," 6,647 ", 0.33 , 0.08 ,,,,,,,,,,,,,,,BROD_BROD_2259, 3 ," 13,987 ", 4 ," 21,59,898 ", 0.75 , 0.01 ,0.75,0.01
,,,,,BROD_BROD_2258, 3 ," 19,391 ", 3 ," 19,391 ", 1.00 , 1.00 ,,,,,,,,,,,,,,,BROD_BROD_2260, 1 ," 5,598 ", 3 ," 16,594 ", 0.33 , 0.34 ,0.33,0.34
,,,,,BROD_BROD_2259, 3 ," 13,987 ", 4 ," 21,59,898 ", 0.75 , 0.01 ,,,,,,,,,,,,,,,BROD_BROD_2261, 1 ," 23,791 ", 2 ," 43,280 ", 0.50 , 0.55 ,0.5,0.55
,,,,,BROD_BROD_2260, 1 ," 5,598 ", 3 ," 16,594 ", 0.33 , 0.34 ,,,,,,,,,,,,,,,BROD_BROD_2262,,, NA , NA , -   , -   , -   , -   
,,,,,BROD_BROD_2261, 1 ," 23,791 ", 2 ," 43,280 ", 0.50 , 0.55 ,,,,,,,,,,,,,,,BROD_BROD_2263,,, NA , NA , -   , -   , -   , -   
,,,,,BROD_BROD_2262,,, NA , NA , -   , -   ,,,,,,,,,,,,,,,BROD_BROD_2264,,, NA , NA , -   , -   , -   , -   
,,,,,BROD_BROD_2263,,, NA , NA , -   , -   ,,,,,,,,,,,,,,,BROD_BROD_2265,,, NA , NA , -   , -   , -   , -   
,,,,,BROD_BROD_2264,,, NA , NA , -   , -   ,,,,,,,,,,,,,,,BROD_BROD_2266, 60 ," 4,21,102 ", 99 ," 6,48,256 ", 0.61 , 0.65 ,0.61,0.65
,,,,,BROD_BROD_2265,,, NA , NA , -   , -   ,,,,,,,,,,,,,,,BROD_BROD_2267, 126 ," 9,47,713 ", 293 ," 21,53,243 ", 0.43 , 0.44 ,0.43,0.44
,,,,,BROD_BROD_2266, 60 ," 4,21,102 ", 99 ," 6,48,256 ", 0.61 , 0.65 ,,,,,,,,,,,,,,,BROD_BROD_2268, 52 ," 3,22,837 ", 78 ," 4,91,176 ", 0.67 , 0.66 ,0.67,0.66
,,,,,BROD_BROD_2267, 126 ," 9,47,713 ", 293 ," 21,53,243 ", 0.43 , 0.44 ,,,,,,,,,,,,,,,BROD_BROD_2269, 46 ," 3,47,865 ", 76 ," 5,87,123 ", 0.61 , 0.59 ,0.61,0.59
,,,,,BROD_BROD_2268, 52 ," 3,22,837 ", 78 ," 4,91,176 ", 0.67 , 0.66 ,,,,,,,,,,,,,,,BROD_BROD_2270,,, NA , NA , -   , -   , -   , -   
,,,,,BROD_BROD_2269, 46 ," 3,47,865 ", 76 ," 5,87,123 ", 0.61 , 0.59 ,,,,,,,,,,,,,,,BROD_BROD_2271, 26 ," 1,29,754 ", 32 ," 26,88,621 ", 0.81 , 0.05 ,0.81,0.05
,,,,,BROD_BROD_2270,,, NA , NA , -   , -   ,,,,,,,,,,,,,,,BROD_BROD_2272,,, NA , NA , -   , -   , -   , -   
,,,,,BROD_BROD_2271, 26 ," 1,29,754 ", 32 ," 26,88,621 ", 0.81 , 0.05 ,,,,,,,,,,,,,,,BROD_BROD_2273,,, NA , NA , -   , -   , -   , -   
,,,,,BROD_BROD_2272,,, NA , NA , -   , -   ,,,,,,,,,,,,,,,BROD_BROD_2274,,, NA , NA , -   , -   , -   , -   
,,,,,BROD_BROD_2273,,, NA , NA , -   , -   ,,,,,,,,,,,,,,,BROD_BROD_2275, 836 ," 62,65,742 ", 783 ," 59,85,908 ", 1.07 , 1.05 ,1.07,1.05
,,,,,BROD_BROD_2274,,, NA , NA , -   , -   ,,,,,,,,,,,,,,,BROD_BROD_2276, 24 ," 1,87,871 ", 30 ," 2,32,465 ", 0.80 , 0.81 ,0.8,0.81
,,,,,BROD_BROD_2275, 836 ," 62,65,742 ", 783 ," 59,85,908 ", 1.07 , 1.05 ,,,,,,,,,,,,,,,BROD_BROD_2277, 4 ," 16,510 ", 2 ," 6,020 ", 2.00 , 2.74 ,2,2.74
,,,,,BROD_BROD_2276, 24 ," 1,87,871 ", 30 ," 2,32,465 ", 0.80 , 0.81 ,,,,,,,,,,,,,,,BROD_BROD_2281,,, NA , NA , -   , -   , -   , -   
,,,,,BROD_BROD_2277, 4 ," 16,510 ", 2 ," 6,020 ", 2.00 , 2.74 ,,,,,,,,,,,,,,,BROD_BROD_2282,,, NA , NA , -   , -   , -   , -   
,,,,,BROD_BROD_2281,,, NA , NA , -   , -   ,,,,,,,,,,,,,,,BROD_BROD_2283,,, NA , NA , -   , -   , -   , -   
,,,,,BROD_BROD_2282,,, NA , NA , -   , -   ,,,,,,,,,,,,,,,BROD_BROD_2285, 75 ," 4,44,452 ", 61 ," 3,13,403 ", 1.23 , 1.42 ,1.23,1.42
,,,,,BROD_BROD_2283,,, NA , NA , -   , -   ,,,,,,,,,,,,,,,BROD_BROD_2287, 97 ," 4,81,026 ", 90 ," 4,24,798 ", 1.08 , 1.13 ,1.08,1.13
,,,,,BROD_BROD_2285, 75 ," 4,44,452 ", 61 ," 3,13,403 ", 1.23 , 1.42 ,,,,,,,,,,,,,,,BROD_BROD_2288,,, NA , NA , -   , -   , -   , -   
,,,,,BROD_BROD_2287, 97 ," 4,81,026 ", 90 ," 4,24,798 ", 1.08 , 1.13 ,,,,,,,,,,,,,,,BROD_BROD_2289,,, NA , NA , -   , -   , -   , -   
,,,,,BROD_BROD_2288,,, NA , NA , -   , -   ,,,,,,,,,,,,,,,BROD_BROD_2290,,, NA , NA , -   , -   , -   , -   
,,,,,BROD_BROD_2289,,, NA , NA , -   , -   ,,,,,,,,,,,,,,,BROD_BROD_2291,,, NA , NA , -   , -   , -   , -   
,,,,,BROD_BROD_2290,,, NA , NA , -   , -   ,,,,,,,,,,,,,,,BROD_BROD_2292,,, NA , NA , -   , -   , -   , -   
,,,,,BROD_BROD_2291,,, NA , NA , -   , -   ,,,,,,,,,,,,,,,BROD_BROD_2293,,, NA , NA , -   , -   , -   , -   
,,,,,BROD_BROD_2292,,, NA , NA , -   , -   ,,,,,,,,,,,,,,,BROD_BROD_2294,,, NA , NA , -   , -   , -   , -   
,,,,,BROD_BROD_2293,,, NA , NA , -   , -   ,,,,,,,,,,,,,,,BROD_BROD_2295,,, NA , NA , -   , -   , -   , -   
,,,,,BROD_BROD_2294,,, NA , NA , -   , -   ,,,,,,,,,,,,,,,BROD_BROD_2296,,, NA , NA , -   , -   , -   , -   
,,,,,BROD_BROD_2295,,, NA , NA , -   , -   ,,,,,,,,,,,,,,,BROD_BROD_2297,,, NA , NA , -   , -   , -   , -   
,,,,,BROD_BROD_2296,,, NA , NA , -   , -   ,,,,,,,,,,,,,,,BROD_BROD_2298,,, NA , NA , -   , -   , -   , -   
,,,,,BROD_BROD_2297,,, NA , NA , -   , -   ,,,,,,,,,,,,,,,BROD_BROD_2299,,, NA , NA , -   , -   , -   , -   
,,,,,BROD_BROD_2298,,, NA , NA , -   , -   ,,,,,,,,,,,,,,,BROD_BROD_2300,,, NA , NA , -   , -   , -   , -   
,,,,,BROD_BROD_2299,,, NA , NA , -   , -   ,,,,,,,,,,,,,,,BROD_BROD_2327,,, NA , NA , -   , -   , -   , -   
,,,,,BROD_BROD_2300,,, NA , NA , -   , -   ,,,,,,,,,,,,,,,BROD_BROD_2328,,, NA , NA , -   , -   , -   , -   
,,,,,BROD_BROD_2327,,, NA , NA , -   , -   ,,,,,,,,,,,,,,,BROD_BROD_2329,,, NA , NA , -   , -   , -   , -   
,,,,,BROD_BROD_2328,,, NA , NA , -   , -   ,,,,,,,,,,,,,,,BROD_BROD_2330,,, NA , NA , -   , -   , -   , -   
,,,,,BROD_BROD_2329,,, NA , NA , -   , -   ,,,,,,,,,,,,,,,BROD_BROD_2331,,, NA , NA , -   , -   , -   , -   
,,,,,BROD_BROD_2330,,, NA , NA , -   , -   ,,,,,,,,,,,,,,,BROD_BROD_2332,,, NA , NA , -   , -   , -   , -   
,,,,,BROD_BROD_2331,,, NA , NA , -   , -   ,,,,,,,,,,,,,,,BROD_BROD_2333,,, NA , NA , -   , -   , -   , -   
,,,,,BROD_BROD_2332,,, NA , NA , -   , -   ,,,,,,,,,,,,,,,BROD_BROD_2334,,, NA , NA , -   , -   , -   , -   
,,,,,BROD_BROD_2333,,, NA , NA , -   , -   ,,,,,,,,,,,,,,,BROD_BROD_2335,,, NA , NA , -   , -   , -   , -   
,,,,,BROD_BROD_2334,,, NA , NA , -   , -   ,,,,,,,,,,,,,,,BROD_BROD_2336,,, NA , NA , -   , -   , -   , -   
,,,,,BROD_BROD_2335,,, NA , NA , -   , -   ,,,,,,,,,,,,,,,BROD_BROD_2337,,, NA , NA , -   , -   , -   , -   
,,,,,BROD_BROD_2336,,, NA , NA , -   , -   ,,,,,,,,,,,,,,,BROD_BROD_2338,,, NA , NA , -   , -   , -   , -   
,,,,,BROD_BROD_2337,,, NA , NA , -   , -   ,,,,,,,,,,,,,,,BROD_BROD_2339,,, NA , NA , -   , -   , -   , -   
,,,,,BROD_BROD_2338,,, NA , NA , -   , -   ,,,,,,,,,,,,,,,BROD_BROD_2340,,, NA , NA , -   , -   , -   , -   
,,,,,BROD_BROD_2339,,, NA , NA , -   , -   ,,,,,,,,,,,,,,,BROD_BROD_2341,,, NA , NA , -   , -   , -   , -   
,,,,,BROD_BROD_2340,,, NA , NA , -   , -   ,,,,,,,,,,,,,,,BROD_BROD_2342,,, NA , NA , -   , -   , -   , -   
,,,,,BROD_BROD_2341,,, NA , NA , -   , -   ,,,,,,,,,,,,,,,BROD_BROD_2343,,, NA , NA , -   , -   , -   , -   
,,,,,BROD_BROD_2342,,, NA , NA , -   , -   ,,,,,,,,,,,,,,,BROD_BROD_2344,,, NA , NA , -   , -   , -   , -   
,,,,,BROD_BROD_2343,,, NA , NA , -   , -   ,,,,,,,,,,,,,,,BROD_BROD_2345,,, NA , NA , -   , -   , -   , -   
,,,,,BROD_BROD_2344,,, NA , NA , -   , -   ,,,,,,,,,,,,,,,BROD_BROD_2346,,, NA , NA , -   , -   , -   , -   
,,,,,BROD_BROD_2345,,, NA , NA , -   , -   ,,,,,,,,,,,,,,,BROD_BROD_2347,,, NA , NA , -   , -   , -   , -   
,,,,,BROD_BROD_2346,,, NA , NA , -   , -   ,,,,,,,,,,,,,,,BROD_BROD_2348,,, NA , NA , -   , -   , -   , -   
,,,,,BROD_BROD_2347,,, NA , NA , -   , -   ,,,,,,,,,,,,,,,BROD_BROD_2349,,, NA , NA , -   , -   , -   , -   
,,,,,BROD_BROD_2348,,, NA , NA , -   , -   ,,,,,,,,,,,,,,,BROD_BROD_2350,,, NA , NA , -   , -   , -   , -   
,,,,,BROD_BROD_2349,,, NA , NA , -   , -   ,,,,,,,,,,,,,,,BROD_BROD_2351,,, NA , NA , -   , -   , -   , -   
,,,,,BROD_BROD_2350,,, NA , NA , -   , -   ,,,,,,,,,,,,,,,BROD_BROD_2352,,, NA , NA , -   , -   , -   , -   
,,,,,BROD_BROD_2351,,, NA , NA , -   , -   ,,,,,,,,,,,,,,,BROD_BROD_2355,,, NA , NA , -   , -   , -   , -   
,,,,,BROD_BROD_2352,,, NA , NA , -   , -   ,,,,,,,,,,,,,,,BROD_BROD_2356,,, NA , NA , -   , -   , -   , -   
,,,,,BROD_BROD_2355,,, NA , NA , -   , -   ,,,,,,,,,,,,,,,BROD_BROD_2358, 8 ," 62,759 ", 5 ," 46,975 ", 1.60 , 1.34 ,1.6,1.34
,,,,,BROD_BROD_2356,,, NA , NA , -   , -   ,,,,,,,,,,,,,,,BROD_BROD_2360, 45 ," 4,23,876 ", 27 ," 3,29,166 ", 1.67 , 1.29 ,1.67,1.29
,,,,,BROD_BROD_2358, 8 ," 62,759 ", 5 ," 46,975 ", 1.60 , 1.34 ,,,,,,,,,,,,,,,BROD_BROD_2362, 77 ," 8,32,015 ", 60 ," 6,48,467 ", 1.28 , 1.28 ,1.28,1.28
,,,,,BROD_BROD_2360, 45 ," 4,23,876 ", 27 ," 3,29,166 ", 1.67 , 1.29 ,,,,,,,,,,,,,,,BROD_BROD_2364, 42 ," 2,15,326 ", 26 ," 1,84,003 ", 1.62 , 1.17 ,1.62,1.17
,,,,,BROD_BROD_2362, 77 ," 8,32,015 ", 60 ," 6,48,467 ", 1.28 , 1.28 ,,,,,,,,,,,,,,,BROD_BROD_2395, 86 ," 5,41,954 ", 51 ," 3,58,655 ", 1.69 , 1.51 ,1.69,1.51
,,,,,BROD_BROD_2364, 42 ," 2,15,326 ", 26 ," 1,84,003 ", 1.62 , 1.17 ,,,,,,,,,,,,,,,BROD_BROD_2397, 9 ," 88,671 ", 6 ," 41,508 ", 1.50 , 2.14 ,1.5,2.14
,,,,,BROD_BROD_2395, 86 ," 5,41,954 ", 51 ," 3,58,655 ", 1.69 , 1.51 ,,,,,,,,,,,,,,,BROD_BROD_2399, 13 ," 95,740 ", 7 ," 50,177 ", 1.86 , 1.91 ,1.86,1.91
,,,,,BROD_BROD_2397, 9 ," 88,671 ", 6 ," 41,508 ", 1.50 , 2.14 ,,,,,,,,,,,,,,,BROD_BROD_2429, 165 ," 12,56,649 ", 103 ," 9,17,792 ", 1.60 , 1.37 ,1.6,1.37
,,,,,BROD_BROD_2399, 13 ," 95,740 ", 7 ," 50,177 ", 1.86 , 1.91 ,,,,,,,,,,,,,,,BROD_BROD_2431, 302 ," 29,64,045 ", 197 ," 19,00,316 ", 1.53 , 1.56 ,1.53,1.56
,,,,,BROD_BROD_2429, 165 ," 12,56,649 ", 103 ," 9,17,792 ", 1.60 , 1.37 ,,,,,,,,,,,,,,,BROD_BROD_2433, 29 ," 1,46,865 ", 22 ," 1,41,740 ", 1.32 , 1.04 ,1.32,1.04
,,,,,BROD_BROD_2431, 302 ," 29,64,045 ", 197 ," 19,00,316 ", 1.53 , 1.56 ,,,,,,,,,,,,,,,BROD_BROD_2434, 75 ," 4,04,587 ", 46 ," 3,41,146 ", 1.63 , 1.19 ,1.63,1.19
,,,,,BROD_BROD_2433, 29 ," 1,46,865 ", 22 ," 1,41,740 ", 1.32 , 1.04 ,,,,,,,,,,,,,,,BROD_BROD_2435, 10 ," 1,04,800 ", 10 ," 97,906 ", 1.00 , 1.07 ,1,1.07
,,,,,BROD_BROD_2434, 75 ," 4,04,587 ", 46 ," 3,41,146 ", 1.63 , 1.19 ,,,,,,,,,,,,,,,BROD_BROD_2436, 9 ," 70,148 ", 7 ," 89,992 ", 1.29 , 0.78 ,1.29,0.78
,,,,,BROD_BROD_2435, 10 ," 1,04,800 ", 10 ," 97,906 ", 1.00 , 1.07 ,,,,,,,,,,,,,,,BROD_BROD_2437, 9 ," 1,32,733 ", 5 ," 89,668 ", 1.80 , 1.48 ,1.8,1.48
,,,,,BROD_BROD_2436, 9 ," 70,148 ", 7 ," 89,992 ", 1.29 , 0.78 ,,,,,,,,,,,,,,,BROD_BROD_2438, 5 ," 33,878 ", 5 ," 40,581 ", 1.00 , 0.83 ,1,0.83
,,,,,BROD_BROD_2437, 9 ," 1,32,733 ", 5 ," 89,668 ", 1.80 , 1.48 ,,,,,,,,,,,,,,,BROD_BROD_2439, 18 ," 1,13,132 ", 7 ," 24,524 ", 2.57 , 4.61 ,2.57,4.61
,,,,,BROD_BROD_2438, 5 ," 33,878 ", 5 ," 40,581 ", 1.00 , 0.83 ,,,,,,,,,,,,,,,BROD_BROD_2440, 46 ," 3,36,411 ", 35 ," 2,42,891 ", 1.31 , 1.39 ,1.31,1.39
,,,,,BROD_BROD_2439, 18 ," 1,13,132 ", 7 ," 24,524 ", 2.57 , 4.61 ,,,,,,,,,,,,,,,BROD_BROD_2441, 24 ," 2,62,207 ", 17 ," 1,31,725 ", 1.41 , 1.99 ,1.41,1.99
,,,,,BROD_BROD_2440, 46 ," 3,36,411 ", 35 ," 2,42,891 ", 1.31 , 1.39 ,,,,,,,,,,,,,,,BROD_BROD_2442, 63 ," 4,97,733 ", 39 ," 3,78,344 ", 1.62 , 1.32 ,1.62,1.32
,,,,,BROD_BROD_2441, 24 ," 2,62,207 ", 17 ," 1,31,725 ", 1.41 , 1.99 ,,,,,,,,,,,,,,,BROD_BROD_2443, 38 ," 2,48,653 ", 31 ," 1,96,822 ", 1.23 , 1.26 ,1.23,1.26
,,,,,BROD_BROD_2442, 63 ," 4,97,733 ", 39 ," 3,78,344 ", 1.62 , 1.32 ,,,,,,,,,,,,,,,BROD_BROD_2444, 58 ," 3,39,822 ", 39 ," 2,32,577 ", 1.49 , 1.46 ,1.49,1.46
,,,,,BROD_BROD_2443, 38 ," 2,48,653 ", 31 ," 1,96,822 ", 1.23 , 1.26 ,,,,,,,,,,,,,,,BROD_BROD_2445, 73 ," 5,01,244 ", 54 ," 2,70,405 ", 1.35 , 1.85 ,1.35,1.85
,,,,,BROD_BROD_2444, 58 ," 3,39,822 ", 39 ," 2,32,577 ", 1.49 , 1.46 ,,,,,,,,,,,,,,,BROD_BROD_2446, 200 ," 12,41,997 ", 115 ," 8,69,164 ", 1.74 , 1.43 ,1.74,1.43
,,,,,BROD_BROD_2445, 73 ," 5,01,244 ", 54 ," 2,70,405 ", 1.35 , 1.85 ,,,,,,,,,,,,,,,BROD_BROD_2447, 117 ," 8,61,040 ", 90 ," 6,99,716 ", 1.30 , 1.23 ,1.3,1.23
,,,,,BROD_BROD_2446, 200 ," 12,41,997 ", 115 ," 8,69,164 ", 1.74 , 1.43 ,,,,,,,,,,,,,,,BROD_BROD_2448, 180 ," 13,12,478 ", 109 ," 7,40,558 ", 1.65 , 1.77 ,1.65,1.77
,,,,,BROD_BROD_2447, 117 ," 8,61,040 ", 90 ," 6,99,716 ", 1.30 , 1.23 ,,,,,,,,,,,,,,,BROD_BROD_2449, 72 ," 4,36,190 ", 49 ," 2,64,648 ", 1.47 , 1.65 ,1.47,1.65
,,,,,BROD_BROD_2448, 180 ," 13,12,478 ", 109 ," 7,40,558 ", 1.65 , 1.77 ,,,,,,,,,,,,,,,BROD_BROD_2450, 98 ," 6,39,245 ", 76 ," 4,77,364 ", 1.29 , 1.34 ,1.29,1.34
,,,,,BROD_BROD_2449, 72 ," 4,36,190 ", 49 ," 2,64,648 ", 1.47 , 1.65 ,,,,,,,,,,,,,,,BROD_BROD_2451, 21 ," 1,52,843 ", 10 ," 55,958 ", 2.10 , 2.73 ,2.1,2.73
,,,,,BROD_BROD_2450, 98 ," 6,39,245 ", 76 ," 4,77,364 ", 1.29 , 1.34 ,,,,,,,,,,,,,,,BROD_BROD_2452, 52 ," 3,17,338 ", 42 ," 3,03,125 ", 1.24 , 1.05 ,1.24,1.05
,,,,,BROD_BROD_2451, 21 ," 1,52,843 ", 10 ," 55,958 ", 2.10 , 2.73 ,,,,,,,,,,,,,,,BROD_BROD_2453, 102 ," 6,95,946 ", 60 ," 3,85,412 ", 1.70 , 1.81 ,1.7,1.81
,,,,,BROD_BROD_2452, 52 ," 3,17,338 ", 42 ," 3,03,125 ", 1.24 , 1.05 ,,,,,,,,,,,,,,,BROD_BROD_2454, 79 ," 5,96,685 ", 64 ," 5,06,651 ", 1.23 , 1.18 ,1.23,1.18
,,,,,BROD_BROD_2453, 102 ," 6,95,946 ", 60 ," 3,85,412 ", 1.70 , 1.81 ,,,,,,,,,,,,,,,BROD_BROD_2455, 135 ," 10,45,912 ", 87 ," 6,98,697 ", 1.55 , 1.50 ,1.55,1.5
,,,,,BROD_BROD_2454, 79 ," 5,96,685 ", 64 ," 5,06,651 ", 1.23 , 1.18 ,,,,,,,,,,,,,,,BROD_BROD_2456, 17 ," 1,06,290 ", 14 ," 80,215 ", 1.21 , 1.33 ,1.21,1.33
,,,,,BROD_BROD_2455, 135 ," 10,45,912 ", 87 ," 6,98,697 ", 1.55 , 1.50 ,,,,,,,,,,,,,,,BROD_BROD_2457, 23 ," 1,47,811 ", 13 ," 71,210 ", 1.77 , 2.08 ,1.77,2.08
,,,,,BROD_BROD_2456, 17 ," 1,06,290 ", 14 ," 80,215 ", 1.21 , 1.33 ,,,,,,,,,,,,,,,BROD_BROD_2458, 2 ," 11,990 ", 3 ," 14,689 ", 0.67 , 0.82 ,0.67,0.82
,,,,,BROD_BROD_2457, 23 ," 1,47,811 ", 13 ," 71,210 ", 1.77 , 2.08 ,,,,,,,,,,,,,,,BROD_BROD_2459, 39 ," 3,01,553 ", 27 ," 1,87,823 ", 1.44 , 1.61 ,1.44,1.61
,,,,,BROD_BROD_2458, 2 ," 11,990 ", 3 ," 14,689 ", 0.67 , 0.82 ,,,,,,,,,,,,,,,BROD_BROD_2460, 38 ," 2,18,098 ", 26 ," 2,11,962 ", 1.46 , 1.03 ,1.46,1.03
,,,,,BROD_BROD_2459, 39 ," 3,01,553 ", 27 ," 1,87,823 ", 1.44 , 1.61 ,,,,,,,,,,,,,,,BROD_BROD_2461,,, NA , NA , -   , -   , -   , -   
,,,,,BROD_BROD_2460, 38 ," 2,18,098 ", 26 ," 2,11,962 ", 1.46 , 1.03 ,,,,,,,,,,,,,,,BROD_BROD_2463,,, NA , NA , -   , -   , -   , -   
,,,,,BROD_BROD_2461,,, NA , NA , -   , -   ,,,,,,,,,,,,,,,BROD_BROD_2464, 71 ," 5,05,453 ", 47 ," 3,06,137 ", 1.51 , 1.65 ,1.51,1.65
,,,,,BROD_BROD_2463,,, NA , NA , -   , -   ,,,,,,,,,,,,,,,BROD_BROD_2465, 133 ," 11,87,316 ", 119 ," 11,43,136 ", 1.12 , 1.04 ,1.12,1.04
,,,,,BROD_BROD_2464, 71 ," 5,05,453 ", 47 ," 3,06,137 ", 1.51 , 1.65 ,,,,,,,,,,,,,,,BROD_BROD_2466, 19 ," 1,22,862 ", 8 ," 68,302 ", 2.38 , 1.80 ,2.38,1.8
,,,,,BROD_BROD_2465, 133 ," 11,87,316 ", 119 ," 11,43,136 ", 1.12 , 1.04 ,,,,,,,,,,,,,,,BROD_BROD_2467, 48 ," 2,87,125 ", 31 ," 1,53,305 ", 1.55 , 1.87 ,1.55,1.87
,,,,,BROD_BROD_2466, 19 ," 1,22,862 ", 8 ," 68,302 ", 2.38 , 1.80 ,,,,,,,,,,,,,,,BROD_BROD_2468, 52 ," 2,44,932 ", 34 ," 2,21,941 ", 1.53 , 1.10 ,1.53,1.1
,,,,,BROD_BROD_2467, 48 ," 2,87,125 ", 31 ," 1,53,305 ", 1.55 , 1.87 ,,,,,,,,,,,,,,,BROD_BROD_2469, 3 ," 8,650 ", 1 ," 2,521 ", 3.00 , 3.43 ,3,3.43
,,,,,BROD_BROD_2468, 52 ," 2,44,932 ", 34 ," 2,21,941 ", 1.53 , 1.10 ,,,,,,,,,,,,,,,,,,,,,,,
,,,,,BROD_BROD_2469, 3 ," 8,650 ", 1 ," 2,521 ", 3.00 , 3.43 ,,,,,,,,,,,,,,,,,,,,,,,
,,,,,Grand Total," 29,825 "," 20,03,22,887 "," 43,009 "," 33,26,14,836 ", 0.69 , 0.60 ,,,,,,,,,,,,,,,,,,,,,,,
